image_name,split,relative_path,sha256,used_for_iqa_threshold_tuning,iqa_batch_evaluated
IDRiD_001.jpg,training,B. Disease Grading/1. Original Images/a. Training Set/IDRiD_001.jpg,8cbb3482b62a7b4c8a7353a4f25ecf5df80b6f39714f35deb8575c14af78e06d,True,True
IDRiD_002.jpg,training,B. Disease Grading/1. Original Images/a. Training Set/IDRiD_002.jpg,60083dd0e9945c5f54291e262189076daed3b8e08ee381c508ab43932a2d2ef3,True,True
IDRiD_003.jpg,training,B. Disease Grading/1. Original Images/a. Training Set/IDRiD_003.jpg,34bf332d5e7dce3e220ca2ed6191306bfba44d0a111205550a125c42a4f32156,True,True
IDRiD_004.jpg,training,B. Disease Grading/1. Original Images/a. Training Set/IDRiD_004.jpg,7d6569249def4f1df2dba4ecbf21c3de7c9223ce5e66455556fccca89f2d0638,True,True
IDRiD_005.jpg,training,B. Disease Grading/1. Original Images/a. Training Set/IDRiD_005.jpg,d09ec72a5fcba65a6594d0cc3a4dc69ab7be19749c2d85ce78bb9dd7a38d86b5,True,True
IDRiD_006.jpg,training,B. Disease Grading/1. Original Images/a. Training Set/IDRiD_006.jpg,d94cade5d968f57ea7e1aba98088e190205dd821fd32f4956db23f12c1a4713d,False,True
IDRiD_007.jpg,training,B. Disease Grading/1. Original Images/a. Training Set/IDRiD_007.jpg,d19bc129f7032a353796c123b9abcc059128f109fbb9ec8b00929b11a3128191,False,True
IDRiD_008.jpg,training,B. Disease Grading/1. Original Images/a. Training Set/IDRiD_008.jpg,ff153323008a0d0392df7b4841b699a4e5de53e6b3232212465eff0904ab38be,False,True
IDRiD_009.jpg,training,B. Disease Grading/1. Original Images/a. Training Set/IDRiD_009.jpg,934e93b1a9b8159716ee65e94fa7c6f037eff907b358013068202ea6e7f7e8dc,False,True
IDRiD_010.jpg,training,B. Disease Grading/1. Original Images/a. Training Set/IDRiD_010.jpg,5510120b5ad420b7214e46fd5d21f1b5be7f36ee2b7aeacbe005633438180a0a,False,True
IDRiD_011.jpg,training,B. Disease Grading/1. Original Images/a. Training Set/IDRiD_011.jpg,89bb24f2c32111e7e68adf12ef4c7f35e7e74643e3f8d41ed2abf5753aab037b,False,True
IDRiD_012.jpg,training,B. Disease Grading/1. Original Images/a. Training Set/IDRiD_012.jpg,2caa3a79c289594943e4304d592a49f8f155d09bfb88fdb5f20a39bd6977ac19,False,True
IDRiD_013.jpg,training,B. Disease Grading/1. Original Images/a. Training Set/IDRiD_013.jpg,95818a3fa9f551aecb78c7d50a719385a7e7eda5fb94463a132f313967288b7a,False,True
IDRiD_014.jpg,training,B. Disease Grading/1. Original Images/a. Training Set/IDRiD_014.jpg,a5f8d215a604eede3b4256d862657b8e663d1393531cc1c39e8e126b3580a616,False,True
IDRiD_015.jpg,training,B. Disease Grading/1. Original Images/a. Training Set/IDRiD_015.jpg,2946b09242d8839570a25f8e6beb649d74b7a6bbbc8f96b5bb15dddbfee8ee6b,False,True
IDRiD_016.jpg,training,B. Disease Grading/1. Original Images/a. Training Set/IDRiD_016.jpg,b4a8f2eb28d935a66eb10498916df788202615999bda9f09836269d56e5fd893,False,True
IDRiD_017.jpg,training,B. Disease Grading/1. Original Images/a. Training Set/IDRiD_017.jpg,7b2ba119603d3676329d0c202ae8852bb0b9e1987732bb22ad4aacefe355ff09,False,True
IDRiD_018.jpg,training,B. Disease Grading/1. Original Images/a. Training Set/IDRiD_018.jpg,6438e3af2b0723f50065c955edd9c5e2c04f8ab5be6449ae73ed290583160296,False,True
IDRiD_019.jpg,training,B. Disease Grading/1. Original Images/a. Training Set/IDRiD_019.jpg,c830b1158a3222577e771dd504fc6c36b75b37601256474adb78464f0e6e98a1,False,True
IDRiD_020.jpg,training,B. Disease Grading/1. Original Images/a. Training Set/IDRiD_020.jpg,f9c9e6b3372963fcf3c6e02d6be808e0e3071c9a192a0f3bf0aacc9174a96209,False,True
IDRiD_021.jpg,training,B. Disease Grading/1. Original Images/a. Training Set/IDRiD_021.jpg,7c8af82fac4906b51dbe2d827e050b8b29a18cac21f569d2ac16af1cd65c9baf,False,True
IDRiD_022.jpg,training,B. Disease Grading/1. Original Images/a. Training Set/IDRiD_022.jpg,b0dffed30ee657a0ceed19c07e9c5d716d6e611035173d994fb216ed7b4142b9,False,True
IDRiD_023.jpg,training,B. Disease Grading/1. Original Images/a. Training Set/IDRiD_023.jpg,2bdde073e9abbcbf87f2038947c53ee3b23de66069ccb36788b590bc66b4847d,False,True
IDRiD_024.jpg,training,B. Disease Grading/1. Original Images/a. Training Set/IDRiD_024.jpg,c85906bbad3dda834ec8f3be07ce096a8e9c1cefdc1a406f04ceeb442ba57715,False,True
IDRiD_025.jpg,training,B. Disease Grading/1. Original Images/a. Training Set/IDRiD_025.jpg,3cf2e6b9b3dcb1916ce8ad097cb5aebc93c98c2ce5f6374b3f6b48c8fc484077,False,True
IDRiD_026.jpg,training,B. Disease Grading/1. Original Images/a. Training Set/IDRiD_026.jpg,c30f33adad9437ae72152a5276c8f15f869d13f7fa388c8984cffb1f980ba40a,False,True
IDRiD_027.jpg,training,B. Disease Grading/1. Original Images/a. Training Set/IDRiD_027.jpg,4f29b20dc2a8832f7752a5d02c4bd91adff04d4ba786f495fb6e96df0e535f9f,False,True
IDRiD_028.jpg,training,B. Disease Grading/1. Original Images/a. Training Set/IDRiD_028.jpg,350754e96bf6b9540264c1b53088dc1f5826edb2a9d3d3221acf9ef5afd76a13,False,True
IDRiD_029.jpg,training,B. Disease Grading/1. Original Images/a. Training Set/IDRiD_029.jpg,d64cdef50965d0deefcc3892883804829ebfd3bb0ac95f46d693ad3ae54af75d,False,True
IDRiD_030.jpg,training,B. Disease Grading/1. Original Images/a. Training Set/IDRiD_030.jpg,16d2c48c4fbc0cf5577ae4195a1c8497f295f4a0c586a8efc0c8e583dc5c15e0,False,True
IDRiD_031.jpg,training,B. Disease Grading/1. Original Images/a. Training Set/IDRiD_031.jpg,416ec630fd78bffbb97f8aa6198831bc2cc584f48d519031b248ff7e6225a909,False,True
IDRiD_032.jpg,training,B. Disease Grading/1. Original Images/a. Training Set/IDRiD_032.jpg,6984e431caf8a93f0a0cdf4c025f2eb0a32d6acfa858c525d359fb63b1c9dcd2,False,True
IDRiD_033.jpg,training,B. Disease Grading/1. Original Images/a. Training Set/IDRiD_033.jpg,cb17d98b74fe047ecc72711e5bba5e8e5cd760f8066eebca3fdd03dbb8dc40ed,False,True
IDRiD_034.jpg,training,B. Disease Grading/1. Original Images/a. Training Set/IDRiD_034.jpg,39c7b7e986f18c760b70d4c09f817bb75e5ad7995981f6b3ae05d384ffc6e7cb,False,True
IDRiD_035.jpg,training,B. Disease Grading/1. Original Images/a. Training Set/IDRiD_035.jpg,bfbfd05f7982e74deb957e15c5eccca2ee58c885766f7cc88244f262eff220f5,False,True
IDRiD_036.jpg,training,B. Disease Grading/1. Original Images/a. Training Set/IDRiD_036.jpg,f38874131a0c54c34b8c34627c1c746f7d81be753d04273b7feaae02c0033dfd,False,True
IDRiD_037.jpg,training,B. Disease Grading/1. Original Images/a. Training Set/IDRiD_037.jpg,0e59fd80e40c9f0c8fbd7a10106dbb8d7d698ebdb1b33879b04a6ae3cd459c82,False,True
IDRiD_038.jpg,training,B. Disease Grading/1. Original Images/a. Training Set/IDRiD_038.jpg,73d7bb1392e476734872695cf15ae3d3bc08b1b9318e69337c94dc23e96695ea,False,True
IDRiD_039.jpg,training,B. Disease Grading/1. Original Images/a. Training Set/IDRiD_039.jpg,5b3c42dfd5bc7e410ac6a87f49cfced852c1b420dea22755a46074add385679f,False,True
IDRiD_040.jpg,training,B. Disease Grading/1. Original Images/a. Training Set/IDRiD_040.jpg,6924be334a75bf30b04ef0b6d4bd6e347bac3db523eb29951617cc8a7c3f26df,False,True
IDRiD_041.jpg,training,B. Disease Grading/1. Original Images/a. Training Set/IDRiD_041.jpg,26682e39c78e25334e3f1857a184fb0d2a0ff6484b24b292ee257129495a242c,False,True
IDRiD_042.jpg,training,B. Disease Grading/1. Original Images/a. Training Set/IDRiD_042.jpg,6c8ee2a30c481fdd89840315806488c1ddd318524a320388cd5fbc290c0e2ec5,False,True
IDRiD_043.jpg,training,B. Disease Grading/1. Original Images/a. Training Set/IDRiD_043.jpg,3bcfefe2597a2da149888f172568496520ef5829d1fb52cb0108498c0c01132f,False,True
IDRiD_044.jpg,training,B. Disease Grading/1. Original Images/a. Training Set/IDRiD_044.jpg,41dc67834f5c1e3c266add8dfc58afd6044c6b630dafd0af0be457242061d386,False,True
IDRiD_045.jpg,training,B. Disease Grading/1. Original Images/a. Training Set/IDRiD_045.jpg,fe4f412a179adf78bd9a367d1702878d45302db3f7706c4bf7efc834a312e91c,False,True
IDRiD_046.jpg,training,B. Disease Grading/1. Original Images/a. Training Set/IDRiD_046.jpg,a2e603b5a3b5efddb7f9ff8b206164d4f6c113de63f072b0a8fccf460f6e6f3a,False,True
IDRiD_047.jpg,training,B. Disease Grading/1. Original Images/a. Training Set/IDRiD_047.jpg,5d88d19e5e4960c488a3fb951576ac7419db9dabc8b68a2edf182046cb2d84df,False,True
IDRiD_048.jpg,training,B. Disease Grading/1. Original Images/a. Training Set/IDRiD_048.jpg,12f96bdee7ba61d3549caa28fe9f21a23432f47275ab21b4f1a519545629d717,False,True
IDRiD_049.jpg,training,B. Disease Grading/1. Original Images/a. Training Set/IDRiD_049.jpg,ea06bb525dda5f73d6c1fa8d4c383594d1d9edcad0901e5b1b5f06013479f5a0,False,True
IDRiD_050.jpg,training,B. Disease Grading/1. Original Images/a. Training Set/IDRiD_050.jpg,8673d16be517b0089003d73853f6fa59a3474eaa2048f2e043a32b07c25b033c,False,True
IDRiD_051.jpg,training,B. Disease Grading/1. Original Images/a. Training Set/IDRiD_051.jpg,e21b650096d55cae7a6062fe400d97254be202fada3b0fb87a23e3c56d977f99,False,True
IDRiD_052.jpg,training,B. Disease Grading/1. Original Images/a. Training Set/IDRiD_052.jpg,81c25d3109b6724370bb0ea4eba41eca960c0053e82da5793ef653fbb6a36ba6,False,True
IDRiD_053.jpg,training,B. Disease Grading/1. Original Images/a. Training Set/IDRiD_053.jpg,35a1b22efff39c887a0c6fcf5e8b0e52dfae74f7a02f56d2986c70034d6f9e18,False,True
IDRiD_054.jpg,training,B. Disease Grading/1. Original Images/a. Training Set/IDRiD_054.jpg,acade8f310a93edfe4a7f60db1a6238a7db01c1c8f46b56402c30b81a9e18eeb,False,True
IDRiD_055.jpg,training,B. Disease Grading/1. Original Images/a. Training Set/IDRiD_055.jpg,378512929e6cbbd01224486506bec8960812c009378f72ccbffcb7dc8a04ec17,False,True
IDRiD_056.jpg,training,B. Disease Grading/1. Original Images/a. Training Set/IDRiD_056.jpg,708f5be4bbaadfe2ce8141e0551f3d75dab813b0338659e11864c46d53275076,False,True
IDRiD_057.jpg,training,B. Disease Grading/1. Original Images/a. Training Set/IDRiD_057.jpg,3c77c41704aea0c0ad52b5f08af8cb3183eb323c17335752d9359ac94461e548,False,True
IDRiD_058.jpg,training,B. Disease Grading/1. Original Images/a. Training Set/IDRiD_058.jpg,948f39cd507ec166f0562409229bc5d5bbe41ee03d2d7aa70c87f882064416b7,False,True
IDRiD_059.jpg,training,B. Disease Grading/1. Original Images/a. Training Set/IDRiD_059.jpg,14ee9ba51e64ef634d91e4777a27f53ff5698a50910e131a8632005660445fe1,False,True
IDRiD_060.jpg,training,B. Disease Grading/1. Original Images/a. Training Set/IDRiD_060.jpg,9f4bbc756cadb453456cbf7dd680ff92982cd9d3c15ad966dcf4eeffa383a989,False,True
IDRiD_061.jpg,training,B. Disease Grading/1. Original Images/a. Training Set/IDRiD_061.jpg,47463c7c6d0287cfa85ebd042088320f62180ebf5d6565f959aaf60044c059b8,False,True
IDRiD_062.jpg,training,B. Disease Grading/1. Original Images/a. Training Set/IDRiD_062.jpg,1fe78ed1b856ad96280aaf7209e5b36ecad3e666fb2e442bea90f4c3c99219d1,False,True
IDRiD_063.jpg,training,B. Disease Grading/1. Original Images/a. Training Set/IDRiD_063.jpg,859c20f8884f43eb1bc6184310715c35fae48f45129fa5229b038a7b8c28267a,False,True
IDRiD_064.jpg,training,B. Disease Grading/1. Original Images/a. Training Set/IDRiD_064.jpg,9e72a2ba826a068ad20ce639922621d58531d7ba2225d4095e9050909b912af0,False,True
IDRiD_065.jpg,training,B. Disease Grading/1. Original Images/a. Training Set/IDRiD_065.jpg,cd5b213080d5c399d70507bfcb29b29dcab51d78c88ef66c12672fd3dff40c79,False,True
IDRiD_066.jpg,training,B. Disease Grading/1. Original Images/a. Training Set/IDRiD_066.jpg,e6c05a086bcac7ee9681de6836c6cc15d19e28c29bab3cc7c75269d1ab7e4782,False,True
IDRiD_067.jpg,training,B. Disease Grading/1. Original Images/a. Training Set/IDRiD_067.jpg,14bc8e6474bb324aacb1ce3996b61ee7585ca7b962498ecdc563c004c656b18f,False,True
IDRiD_068.jpg,training,B. Disease Grading/1. Original Images/a. Training Set/IDRiD_068.jpg,b189d9b8c0ed3ae4681a549915e844e8c4d6bf04b78b38f4cb2a24ebf9ea85a9,False,True
IDRiD_069.jpg,training,B. Disease Grading/1. Original Images/a. Training Set/IDRiD_069.jpg,19c367655da33360d72613f61fbea1290583c44a31b29fa6e41257575bc591a2,False,True
IDRiD_070.jpg,training,B. Disease Grading/1. Original Images/a. Training Set/IDRiD_070.jpg,bf7d7ea332747cbc790d6c9b18b9b0a2f89d11282738a0e8bc02e5c528a4e176,False,True
IDRiD_071.jpg,training,B. Disease Grading/1. Original Images/a. Training Set/IDRiD_071.jpg,da466af13be53b1fefe56b0f015a645f5db49568ae6bb94914e62c373a812dec,False,True
IDRiD_072.jpg,training,B. Disease Grading/1. Original Images/a. Training Set/IDRiD_072.jpg,750c9840450de50bcd97a4efe7e6a0be748fb2c2e2f17b7b981a6d81ad120d54,False,True
IDRiD_073.jpg,training,B. Disease Grading/1. Original Images/a. Training Set/IDRiD_073.jpg,a05e538dcf8554a99cdbc72a2ae4dedc196d87c73d9278869e644b4163af8f4d,False,True
IDRiD_074.jpg,training,B. Disease Grading/1. Original Images/a. Training Set/IDRiD_074.jpg,e177a301b6a1ed1eaa302207bc1221b328b6c92004622c88862b1778da95fe4b,False,True
IDRiD_075.jpg,training,B. Disease Grading/1. Original Images/a. Training Set/IDRiD_075.jpg,2a14cb52316027857966ea4f4b67e0269ed02813409f89ef10e29dc841418fe2,False,True
IDRiD_076.jpg,training,B. Disease Grading/1. Original Images/a. Training Set/IDRiD_076.jpg,1c3cc1027edf4097485a66f9a76c99816203f07ad58e41b5e3ead1422518e81b,False,True
IDRiD_077.jpg,training,B. Disease Grading/1. Original Images/a. Training Set/IDRiD_077.jpg,8e050ca1943a823112e1f16fb3e2f348149308d18303a50f7127126239a276ee,False,True
IDRiD_078.jpg,training,B. Disease Grading/1. Original Images/a. Training Set/IDRiD_078.jpg,42a701246cbf8996c5d0114a2fecb6d7894b7e2841c40a9f36c8798fb1ed28f4,False,True
IDRiD_079.jpg,training,B. Disease Grading/1. Original Images/a. Training Set/IDRiD_079.jpg,314e41f14e9d2966eff50a085d02c7acf2a1439702358b5849f3db4657f8381b,False,True
IDRiD_080.jpg,training,B. Disease Grading/1. Original Images/a. Training Set/IDRiD_080.jpg,b36ad8c8f51c6712a1f1775c0024edfd1f51c9b2502c1263a2da3ee869feaeec,False,True
IDRiD_081.jpg,training,B. Disease Grading/1. Original Images/a. Training Set/IDRiD_081.jpg,f2fbaa805adc29970accd94849f1f21db911c5f5314694b429441d11e9eced3d,False,True
IDRiD_082.jpg,training,B. Disease Grading/1. Original Images/a. Training Set/IDRiD_082.jpg,531c08b8c699fb1930d881053da5de3806896ab20b4818e60c3f059a31c2184f,False,True
IDRiD_083.jpg,training,B. Disease Grading/1. Original Images/a. Training Set/IDRiD_083.jpg,4ada813f46fad20fda4a529a2194806c9a8bd9848e957ef5fa9ecc1e34958206,False,True
IDRiD_084.jpg,training,B. Disease Grading/1. Original Images/a. Training Set/IDRiD_084.jpg,1ffc5569d5ba7bd14db52a9b99918e6555f0c1a58e08c42f5c743d8efdf21fe2,False,True
IDRiD_085.jpg,training,B. Disease Grading/1. Original Images/a. Training Set/IDRiD_085.jpg,ea8940d2ed48d0eba79a21716a55a7661ab7aa46f931675de2fc37292d5c920a,False,True
IDRiD_086.jpg,training,B. Disease Grading/1. Original Images/a. Training Set/IDRiD_086.jpg,1b515f9b5e2ad1dc839c9398a95a23bea4f006178108be972d3395b529d7c5d5,False,True
IDRiD_087.jpg,training,B. Disease Grading/1. Original Images/a. Training Set/IDRiD_087.jpg,5193d092b8ae66fa3c66010b9540be15ce487dd9c0ddd9e6fb1ec49f93e8c9d8,False,True
IDRiD_088.jpg,training,B. Disease Grading/1. Original Images/a. Training Set/IDRiD_088.jpg,b4412a9a8e46ca093cccc3907b9086e7fabbfdd58f4e13effd9cb1c5bfcc99e0,False,True
IDRiD_089.jpg,training,B. Disease Grading/1. Original Images/a. Training Set/IDRiD_089.jpg,d758738231b1fc042a07ca40a7dc9161110e97acfb8ce56ab2c4acf490a23b56,False,True
IDRiD_090.jpg,training,B. Disease Grading/1. Original Images/a. Training Set/IDRiD_090.jpg,21570834965ff72129edc7a1376b441724995ce09dfca10e9e4ab6af97620d85,False,True
IDRiD_091.jpg,training,B. Disease Grading/1. Original Images/a. Training Set/IDRiD_091.jpg,129be12cb2eea61a602c2744246ec2631ecec2f2f87cbe73cda30e34c29fcde0,False,True
IDRiD_092.jpg,training,B. Disease Grading/1. Original Images/a. Training Set/IDRiD_092.jpg,2bcaf3f607ca8d9b504b8b6bc2d66354980e5928f1f471d4210cf86c5153044a,False,True
IDRiD_093.jpg,training,B. Disease Grading/1. Original Images/a. Training Set/IDRiD_093.jpg,58fdc383ab1f7c8b6b46aeda92ab3e5641af33d53fc0b42de1c5b54aa14dc1d3,False,True
IDRiD_094.jpg,training,B. Disease Grading/1. Original Images/a. Training Set/IDRiD_094.jpg,1408add496f75ab5e43bd3d48ae43bf01ad8f25f84e2a288de8ba475a8ffa95c,False,True
IDRiD_095.jpg,training,B. Disease Grading/1. Original Images/a. Training Set/IDRiD_095.jpg,b0e2342831b4c3a5eb03ba2b4dc1a24e1c9b0f442e55774c4d2abd1f92495abe,False,True
IDRiD_096.jpg,training,B. Disease Grading/1. Original Images/a. Training Set/IDRiD_096.jpg,ea5efb5aa1df02340a9d9f7bb8328c526419b4de5d2f291f7b5e65ad0ee6a050,False,True
IDRiD_097.jpg,training,B. Disease Grading/1. Original Images/a. Training Set/IDRiD_097.jpg,7a799ea0279dceb4137cca0c6adc90df6ee8c5dbbbaa25cd55430c35e16f7cc6,False,True
IDRiD_098.jpg,training,B. Disease Grading/1. Original Images/a. Training Set/IDRiD_098.jpg,7241c731425a320d56e4b151708ad7c8264f9e9dab6a267332011bf8076e6268,False,True
IDRiD_099.jpg,training,B. Disease Grading/1. Original Images/a. Training Set/IDRiD_099.jpg,3649c683cc764aec7259ffa8ff179f1ad8788c6a400b05d6d71b4ab8f4bd26e1,False,True
IDRiD_100.jpg,training,B. Disease Grading/1. Original Images/a. Training Set/IDRiD_100.jpg,8edfc121d9649c25db7494767946dae4e2109841c7e5c311b2a95ae1dc13df06,False,True
IDRiD_101.jpg,training,B. Disease Grading/1. Original Images/a. Training Set/IDRiD_101.jpg,13a78d10cfb9b9f28b6b0ff0848d177f376e9593f40f5c46794a2b89bb979c83,False,True
IDRiD_102.jpg,training,B. Disease Grading/1. Original Images/a. Training Set/IDRiD_102.jpg,05bf31a076f4ff03875eb5050e6116db9d7b2dd8a8bdb356c60a3fc94343a304,False,True
IDRiD_103.jpg,training,B. Disease Grading/1. Original Images/a. Training Set/IDRiD_103.jpg,e6a337267a4071833d3d7acdc77c562e8a9f04c8da933fe1a5eca59404cca075,False,True
IDRiD_104.jpg,training,B. Disease Grading/1. Original Images/a. Training Set/IDRiD_104.jpg,50d0e12030a658c12bb01b39eebef5ec89b6ca100ca4591b5a17a21a1b7f7ca7,False,True
IDRiD_105.jpg,training,B. Disease Grading/1. Original Images/a. Training Set/IDRiD_105.jpg,29b3393822f95e648173393b85e383751364034bc2810fe06187a39fc728c81e,False,True
IDRiD_106.jpg,training,B. Disease Grading/1. Original Images/a. Training Set/IDRiD_106.jpg,2a4ce62f6c4f1f69172ea8ab2271f23d2c1b4aee6b29f295921419c93c46d51e,False,True
IDRiD_107.jpg,training,B. Disease Grading/1. Original Images/a. Training Set/IDRiD_107.jpg,c2b0eb53333eaefcc6cb60827fc9444b56ff707bb18d2d103f748cbc0783e3d4,False,True
IDRiD_108.jpg,training,B. Disease Grading/1. Original Images/a. Training Set/IDRiD_108.jpg,3be51c77f8350fe7a00eec985595df0d7f28181dc776687a6f9ff598a90e891a,False,True
IDRiD_109.jpg,training,B. Disease Grading/1. Original Images/a. Training Set/IDRiD_109.jpg,ecebba945c4cc4f4bd22800378e593e734fb3df78ac6355abd373f618b730d14,False,True
IDRiD_110.jpg,training,B. Disease Grading/1. Original Images/a. Training Set/IDRiD_110.jpg,b6c7c0e7a7fffcf3ab3397512f9bf0188c0786b9809ed35c76c906e60ffab079,False,True
IDRiD_111.jpg,training,B. Disease Grading/1. Original Images/a. Training Set/IDRiD_111.jpg,688e39d9f9f72a48d0bd6d41f587aaeb90a43469809604d34fe1d3b06821efde,False,True
IDRiD_112.jpg,training,B. Disease Grading/1. Original Images/a. Training Set/IDRiD_112.jpg,3aceab1711589944250ffae3e47367ecdc8ee6c87c01e01053bcf3638737c5cf,False,True
IDRiD_113.jpg,training,B. Disease Grading/1. Original Images/a. Training Set/IDRiD_113.jpg,4e5898af941337b6ff51e6d81d2f8fd9d134750689a4b2980f4cb366f0143069,False,True
IDRiD_114.jpg,training,B. Disease Grading/1. Original Images/a. Training Set/IDRiD_114.jpg,7eaf5f02013f53a838725491f14ed24a0025fb3c4e9277aca0d8437fd2255efd,False,True
IDRiD_115.jpg,training,B. Disease Grading/1. Original Images/a. Training Set/IDRiD_115.jpg,024818861562a80082b40f294e9fe0eec6ca0fb8c100e5e9c2bdb629ab9f0c9f,False,True
IDRiD_116.jpg,training,B. Disease Grading/1. Original Images/a. Training Set/IDRiD_116.jpg,f5460739c4637c20f48c03f284c118df3341543c1a04a5b130e57c2b66d00d80,False,True
IDRiD_117.jpg,training,B. Disease Grading/1. Original Images/a. Training Set/IDRiD_117.jpg,ecdecdf8ffb66f7202af9aebc1c404edc9d5f9665f52c3685932d86a4766306a,False,True
IDRiD_118.jpg,training,B. Disease Grading/1. Original Images/a. Training Set/IDRiD_118.jpg,505330878f4d4186a71b8001570100b82b6b05cb431e81e2c259d8c584314708,False,True
IDRiD_119.jpg,training,B. Disease Grading/1. Original Images/a. Training Set/IDRiD_119.jpg,68c281934ee171898e1fb90e64dbe2680bc332c28f5c8cc8fedc127617552c58,False,True
IDRiD_120.jpg,training,B. Disease Grading/1. Original Images/a. Training Set/IDRiD_120.jpg,51d3b57766c75abf2aecd08e74fbd149cb24d8e65df0c0247fd3e1603e0bfa0f,False,True
IDRiD_121.jpg,training,B. Disease Grading/1. Original Images/a. Training Set/IDRiD_121.jpg,a70617f4c8c77776e30aa70a61e4c3caba66c30c50b60c5a62a78fa04789ecae,False,True
IDRiD_122.jpg,training,B. Disease Grading/1. Original Images/a. Training Set/IDRiD_122.jpg,5420fa9fcf0b65825c908d3fe2ee3e874c1968da7ab48f75b7fbcd68f962b983,False,True
IDRiD_123.jpg,training,B. Disease Grading/1. Original Images/a. Training Set/IDRiD_123.jpg,43e50bbcf0b87484ae47c7bf8b0eb8c1b7fe4621de37d1a1869b36ab62961adc,False,True
IDRiD_124.jpg,training,B. Disease Grading/1. Original Images/a. Training Set/IDRiD_124.jpg,84ccb45e1c26959deeaed76279a4df3722cf09b284a6119c0bdc3d1807e82760,False,True
IDRiD_125.jpg,training,B. Disease Grading/1. Original Images/a. Training Set/IDRiD_125.jpg,4766d4998d385254ddeded4615dfcdf291627574f7bddc6bfe310fc7fa17c365,False,True
IDRiD_126.jpg,training,B. Disease Grading/1. Original Images/a. Training Set/IDRiD_126.jpg,b817af70398a38a885936db5addb40eb3717f46f29910c25e23a0aef8eed994a,False,True
IDRiD_127.jpg,training,B. Disease Grading/1. Original Images/a. Training Set/IDRiD_127.jpg,f049bc7fa13c6a637431f0dd48b3340481c7d498d69ee9fd507d962ce8ee311f,False,True
IDRiD_128.jpg,training,B. Disease Grading/1. Original Images/a. Training Set/IDRiD_128.jpg,560c24fe6b350826b7450843c27148c9871fc29fe4d4571f43e910980f04678b,False,True
IDRiD_129.jpg,training,B. Disease Grading/1. Original Images/a. Training Set/IDRiD_129.jpg,b979a7a8e8858805caa76142bdeb5423772bbe16b968afe3fa00474fdd2c84f9,False,True
IDRiD_130.jpg,training,B. Disease Grading/1. Original Images/a. Training Set/IDRiD_130.jpg,08e065ae4251f9d19e6b3bc56911c3b550a42c6760c2bf3e82d0c4f1ad9d1f1c,False,True
IDRiD_131.jpg,training,B. Disease Grading/1. Original Images/a. Training Set/IDRiD_131.jpg,72740bbaaa2a61b1c2862ab166f93c9b5407858f0a1b5d74743c32ea27870b4d,False,True
IDRiD_132.jpg,training,B. Disease Grading/1. Original Images/a. Training Set/IDRiD_132.jpg,e589f71d949b7aeb40ff10502c78d3288be90fc846be3f6ef0d4132f003d02d6,False,True
IDRiD_133.jpg,training,B. Disease Grading/1. Original Images/a. Training Set/IDRiD_133.jpg,6d495d2efa284eda5bb709a79978472ad1fb05c0ce32e09cb0aca86087a7c7ef,False,True
IDRiD_134.jpg,training,B. Disease Grading/1. Original Images/a. Training Set/IDRiD_134.jpg,bd428686fa900cc68d2d756047c35b433d6120e5ab662ef6d68a3f45c4173761,False,True
IDRiD_135.jpg,training,B. Disease Grading/1. Original Images/a. Training Set/IDRiD_135.jpg,cab55879df46d54d4e3bcfb9e3ade6a57a87ec1d03c3e52cbd091dba6f8ac4c0,False,True
IDRiD_136.jpg,training,B. Disease Grading/1. Original Images/a. Training Set/IDRiD_136.jpg,84c0c19e7f6d9f422eab0fa83dbe77ea86c9495ddfa675da94f940f09170cbf8,False,True
IDRiD_137.jpg,training,B. Disease Grading/1. Original Images/a. Training Set/IDRiD_137.jpg,9db8a2515c6ac455d29cd2cbef4c9a8052f63eb23b778bb580ca653c003e23d3,False,True
IDRiD_138.jpg,training,B. Disease Grading/1. Original Images/a. Training Set/IDRiD_138.jpg,991a5e34c20e6480a4adc5c0d53f77e3f18770d01863e85e01d5770be27bd4e8,False,True
IDRiD_139.jpg,training,B. Disease Grading/1. Original Images/a. Training Set/IDRiD_139.jpg,209b04e574128000233059f4c5f8f17591e0a6adc587c27c4354dba3402b8f8b,False,True
IDRiD_140.jpg,training,B. Disease Grading/1. Original Images/a. Training Set/IDRiD_140.jpg,677514f451cdb9874cd94c492f9b44d95a485ed818a788fbc74b7e24173250d2,False,True
IDRiD_141.jpg,training,B. Disease Grading/1. Original Images/a. Training Set/IDRiD_141.jpg,0ba472765c7964b51147962723d003ec5a12cc71aef38b774f14783d8970488b,False,True
IDRiD_142.jpg,training,B. Disease Grading/1. Original Images/a. Training Set/IDRiD_142.jpg,5c1e125a215465ddec3704f383081ea641029286f4f3279088e3b50d2448cc97,False,True
IDRiD_143.jpg,training,B. Disease Grading/1. Original Images/a. Training Set/IDRiD_143.jpg,427ce1088d279c2f00f361baef1c4e8533d970a86c2d5a3f64e15b4788705fa2,False,True
IDRiD_144.jpg,training,B. Disease Grading/1. Original Images/a. Training Set/IDRiD_144.jpg,45df62130a0b78b3d8e3628c76f66678ff394292313eefa45870521f48eaaca3,False,True
IDRiD_145.jpg,training,B. Disease Grading/1. Original Images/a. Training Set/IDRiD_145.jpg,98bc60c6fd4efb61d5b962fd4b9d745fd078b48159fd7018a7a5aa2221c6c006,False,True
IDRiD_146.jpg,training,B. Disease Grading/1. Original Images/a. Training Set/IDRiD_146.jpg,2b352e3b478519cb8bc7e696d03600dccaf66b129638bcaf091113c286f8bd39,False,True
IDRiD_147.jpg,training,B. Disease Grading/1. Original Images/a. Training Set/IDRiD_147.jpg,d67680bf57f63eee7efc13843874ae2e9892a2976a78203eabb6abe0e8961646,False,True
IDRiD_148.jpg,training,B. Disease Grading/1. Original Images/a. Training Set/IDRiD_148.jpg,5d7848d8e1ea497180a46b2a03fa56e564d74ecf0fa2613b1fa816791f0b18dd,False,True
IDRiD_149.jpg,training,B. Disease Grading/1. Original Images/a. Training Set/IDRiD_149.jpg,6a1454d34f8833bb0f50fe2697ed6a84be2120c437d888dce17daaa1ec708872,False,True
IDRiD_150.jpg,training,B. Disease Grading/1. Original Images/a. Training Set/IDRiD_150.jpg,abb17ee12561b06de6d0253f78c4989741ec7191a91934361bd56f570984a420,False,True
IDRiD_151.jpg,training,B. Disease Grading/1. Original Images/a. Training Set/IDRiD_151.jpg,dcf8230a11de520099e1c6ae0f123135f8d4fa61487fb8e30bf905ab591998c5,False,True
IDRiD_152.jpg,training,B. Disease Grading/1. Original Images/a. Training Set/IDRiD_152.jpg,127ddd37ade9d6a178529c7d029e8f67bfe00812c0fb53db3cfe25a66dc5ae64,False,True
IDRiD_153.jpg,training,B. Disease Grading/1. Original Images/a. Training Set/IDRiD_153.jpg,41c07c5695b20da20e5401286ac552a5cfc692649d8c4d7bce5ab48e0d141bff,False,True
IDRiD_154.jpg,training,B. Disease Grading/1. Original Images/a. Training Set/IDRiD_154.jpg,12acb3cb8c5beb39e887252718d750cf35819e442016aa4113069f5eb894d65e,False,True
IDRiD_155.jpg,training,B. Disease Grading/1. Original Images/a. Training Set/IDRiD_155.jpg,83815e177d215dda3a4ddfc2b1a9ec79459724e7b7dad7e193781d3938b9b19a,False,True
IDRiD_156.jpg,training,B. Disease Grading/1. Original Images/a. Training Set/IDRiD_156.jpg,dd83587a0109fe020520caf066a974a042373a65ae9331a5dc551ad24f0c2155,False,True
IDRiD_157.jpg,training,B. Disease Grading/1. Original Images/a. Training Set/IDRiD_157.jpg,847a092c391a7814d070ac956fd9febf83398b8a63665dff07aac6104c5a89e3,False,True
IDRiD_158.jpg,training,B. Disease Grading/1. Original Images/a. Training Set/IDRiD_158.jpg,4871aba527286028165b86592b03c75b54bcffa4a9a8eef25d859ecf9cb83d22,False,True
IDRiD_159.jpg,training,B. Disease Grading/1. Original Images/a. Training Set/IDRiD_159.jpg,ee1c59c1f82a087f08e8eeecb57f9e22fda6922aca10c315af1d4d0fbd27e61c,False,True
IDRiD_160.jpg,training,B. Disease Grading/1. Original Images/a. Training Set/IDRiD_160.jpg,ad474a8e07851ec71cfe8491bffcfd2781e13b583ed5ca1805bb18f948aaea86,False,True
IDRiD_161.jpg,training,B. Disease Grading/1. Original Images/a. Training Set/IDRiD_161.jpg,1cd6a7ba7f4041a3e6efbeb0fca180572ce951ebe7dda20a0bb64831c6f4ae30,False,True
IDRiD_162.jpg,training,B. Disease Grading/1. Original Images/a. Training Set/IDRiD_162.jpg,c5afdb2c2d95b538082561446d3ad58d9201508d99a90cc1419e985ef07ceb87,False,True
IDRiD_163.jpg,training,B. Disease Grading/1. Original Images/a. Training Set/IDRiD_163.jpg,995596590b112af281e5e0feabac5284b0f761d24d6644f72404e2e2e76efe77,False,True
IDRiD_164.jpg,training,B. Disease Grading/1. Original Images/a. Training Set/IDRiD_164.jpg,ecc55ac43ebfd416ddbccfe210502abca6216d98ff23a1e8d4481bf13e41e13a,False,True
IDRiD_165.jpg,training,B. Disease Grading/1. Original Images/a. Training Set/IDRiD_165.jpg,fcb575ea10f105d0c59981857b1eed71fddcb8cb1d5447b24b5521e8d338f4c0,False,True
IDRiD_166.jpg,training,B. Disease Grading/1. Original Images/a. Training Set/IDRiD_166.jpg,c7599d5144107600dd17010f1e39501f4141b403f5476c6ad43b7e067e0d3e64,False,True
IDRiD_167.jpg,training,B. Disease Grading/1. Original Images/a. Training Set/IDRiD_167.jpg,7cebb66762fe801b96441ec10fe84188eceefffa7bd483200bb0c11c34a2bcc3,False,True
IDRiD_168.jpg,training,B. Disease Grading/1. Original Images/a. Training Set/IDRiD_168.jpg,2b39b3c0b2b4317e92d4c91d92c55759b7df2ad038b846b6e570d9673e02c3d9,False,True
IDRiD_169.jpg,training,B. Disease Grading/1. Original Images/a. Training Set/IDRiD_169.jpg,38c777ca6933d809ebb6982330a723ab35adeeef45dd5cf5c82cf50618323e74,False,True
IDRiD_170.jpg,training,B. Disease Grading/1. Original Images/a. Training Set/IDRiD_170.jpg,734f22a09f3f1f8bca5412a7f19ac7947093b1dc0a0387b027b48c4f2856a218,False,True
IDRiD_171.jpg,training,B. Disease Grading/1. Original Images/a. Training Set/IDRiD_171.jpg,a644a1a029073eefec870720d32d92a5b7950c996acef39dca117646a5f7e0aa,False,True
IDRiD_172.jpg,training,B. Disease Grading/1. Original Images/a. Training Set/IDRiD_172.jpg,6ae1ad50467c6f008301313c29a33c1de720bf07ff4f42c12c88d9e2649f30a6,False,True
IDRiD_173.jpg,training,B. Disease Grading/1. Original Images/a. Training Set/IDRiD_173.jpg,0c616a1171269d063937de28b469d26011c8624d78ac8d426916e4f6b4544d01,False,True
IDRiD_174.jpg,training,B. Disease Grading/1. Original Images/a. Training Set/IDRiD_174.jpg,bd0726436cdef7daba2f3a5266f66fc6ca1542b8ce2b0a2203280e04e4572c24,False,True
IDRiD_175.jpg,training,B. Disease Grading/1. Original Images/a. Training Set/IDRiD_175.jpg,b8fec927b919a651944837cd5110714b6160233c2c8e2c565b9c5ba08e5270ca,False,True
IDRiD_176.jpg,training,B. Disease Grading/1. Original Images/a. Training Set/IDRiD_176.jpg,a7bb4329bb511614965dba71820ccb844ee8e939516b105daa31415c3fa877c7,False,True
IDRiD_177.jpg,training,B. Disease Grading/1. Original Images/a. Training Set/IDRiD_177.jpg,fdf2baa18714f08a079d43dc74ffeed4e6015c7a8db80e194d496a69a9d18f61,False,True
IDRiD_178.jpg,training,B. Disease Grading/1. Original Images/a. Training Set/IDRiD_178.jpg,36a3642ae121adf0cb32b45861d15b6b9dceecd62b111beab1d206d373a4023e,False,True
IDRiD_179.jpg,training,B. Disease Grading/1. Original Images/a. Training Set/IDRiD_179.jpg,cbc35a5103898b707e33d0f7b5f1d8d3afcdda3ddda243ed721e6051fb45779f,False,True
IDRiD_180.jpg,training,B. Disease Grading/1. Original Images/a. Training Set/IDRiD_180.jpg,db7053a0fac45d736bdf914b9c3171b33aa838ce3df0662d8f946a58954f7a63,False,True
IDRiD_181.jpg,training,B. Disease Grading/1. Original Images/a. Training Set/IDRiD_181.jpg,bd0719720a87ea0ae06d2eee7c5a3b01acbbe0d2729cf963a5efe3c156ce7d21,False,True
IDRiD_182.jpg,training,B. Disease Grading/1. Original Images/a. Training Set/IDRiD_182.jpg,baf2f4a3290ddbe60ab2acb624734ed209159b608f7aa96cabfa6e6d08bb53c7,False,True
IDRiD_183.jpg,training,B. Disease Grading/1. Original Images/a. Training Set/IDRiD_183.jpg,9da3ca05a389b6e256800d804ebc2c12e9dd2734bcb75299415f725032e2c437,False,True
IDRiD_184.jpg,training,B. Disease Grading/1. Original Images/a. Training Set/IDRiD_184.jpg,bf2860962dbda082af38458d669600a2c162c376d19202e93fa1a5a0a1aa8e63,False,True
IDRiD_185.jpg,training,B. Disease Grading/1. Original Images/a. Training Set/IDRiD_185.jpg,a7f9f8195a0c72e54e18703ccbd3a3f6daa88dd2176445c40e9f0317af406b2c,False,True
IDRiD_186.jpg,training,B. Disease Grading/1. Original Images/a. Training Set/IDRiD_186.jpg,5fed36849808886b3cc989910d31bd3c4f5feb03f29c395fcc5fef1e3d5366e1,False,True
IDRiD_187.jpg,training,B. Disease Grading/1. Original Images/a. Training Set/IDRiD_187.jpg,74f5dd2ef6ae48a52f8cee230be1876c52cbe330f42ac4076289f879874c0339,False,True
IDRiD_188.jpg,training,B. Disease Grading/1. Original Images/a. Training Set/IDRiD_188.jpg,81229d3375f22f316f030396219165c1dd657b299e560e191d49e7612a19b669,False,True
IDRiD_189.jpg,training,B. Disease Grading/1. Original Images/a. Training Set/IDRiD_189.jpg,c0e805bf20dd06ec5ecc0f01fcef3feda2e331bdd88a61e7536611b2ad2b2e41,False,True
IDRiD_190.jpg,training,B. Disease Grading/1. Original Images/a. Training Set/IDRiD_190.jpg,e9c7d7d3259cfb81f5ac4a9db619770dac6cf21f086642117ee5f361c7b8d1c2,False,True
IDRiD_191.jpg,training,B. Disease Grading/1. Original Images/a. Training Set/IDRiD_191.jpg,0d5ab7b360327e2a581a9b322e40c4869d58881c974c0e1c7d270578ef376a38,False,True
IDRiD_192.jpg,training,B. Disease Grading/1. Original Images/a. Training Set/IDRiD_192.jpg,a4c25754320e7f5e372a9eddea4a90c9d7ddb115dbb314e256cf516d61f7f932,False,True
IDRiD_193.jpg,training,B. Disease Grading/1. Original Images/a. Training Set/IDRiD_193.jpg,a41389d297740c66bbebac43b51dec4c5f77ec4eb2701158b788b274c290c3a1,False,True
IDRiD_194.jpg,training,B. Disease Grading/1. Original Images/a. Training Set/IDRiD_194.jpg,60356445bba235d30beb9cc3104289d23a95048766d14def710bbee70ad85efb,False,True
IDRiD_195.jpg,training,B. Disease Grading/1. Original Images/a. Training Set/IDRiD_195.jpg,c0a3e2d3b12ed15fd03fe3a1ad3c58e2b1f68abbcff7c4d46e4fcae1d056027d,False,True
IDRiD_196.jpg,training,B. Disease Grading/1. Original Images/a. Training Set/IDRiD_196.jpg,6a4747e864f20d55f8b55781f9aa3411a05280b6bec07150248de7bcde4ff74d,False,True
IDRiD_197.jpg,training,B. Disease Grading/1. Original Images/a. Training Set/IDRiD_197.jpg,d282eddd8204c593b6687e8314b8ecc2a5b3a1509551f78afe76b27f3129a861,False,True
IDRiD_198.jpg,training,B. Disease Grading/1. Original Images/a. Training Set/IDRiD_198.jpg,0f1f0b8846b0949abc5d6ecb6f02f444018845d050d92f6224db2402960b5613,False,True
IDRiD_199.jpg,training,B. Disease Grading/1. Original Images/a. Training Set/IDRiD_199.jpg,bcbea1367c1a433543296121bde93f603b8f4b69f23e4001f7b106df45f85630,False,True
IDRiD_200.jpg,training,B. Disease Grading/1. Original Images/a. Training Set/IDRiD_200.jpg,555f4a71b53cb5acd0acbf9f1c94759ac1f635bb19a22d0e8fdf05aaa14d75e1,False,True
IDRiD_201.jpg,training,B. Disease Grading/1. Original Images/a. Training Set/IDRiD_201.jpg,b669e1942c9bca6e27f2766eae83764c391599c4176436fd60bfc097f067cf16,False,True
IDRiD_202.jpg,training,B. Disease Grading/1. Original Images/a. Training Set/IDRiD_202.jpg,0fcf464b0be0abeab7ff6d952f561b5c231077a0a816e8907cd76ef9ae82150f,False,True
IDRiD_203.jpg,training,B. Disease Grading/1. Original Images/a. Training Set/IDRiD_203.jpg,26ccd5c312aa81048f93ffa502a781b53fb26c54eaf7b17aa9325bfdfae7dac6,False,True
IDRiD_204.jpg,training,B. Disease Grading/1. Original Images/a. Training Set/IDRiD_204.jpg,32369aff147dc889bc7199b7a4eddf01b30fb059c7ab79d87940f007e456944a,False,True
IDRiD_205.jpg,training,B. Disease Grading/1. Original Images/a. Training Set/IDRiD_205.jpg,9a95debe5ee5dd3c1b5066a25d862c343e23c0ab878c879ba8c15eadb3a9dd96,False,True
IDRiD_206.jpg,training,B. Disease Grading/1. Original Images/a. Training Set/IDRiD_206.jpg,66e1395f92704054aa97dbbe8a25fc642185fa737885f919a728f848680e57ca,False,True
IDRiD_207.jpg,training,B. Disease Grading/1. Original Images/a. Training Set/IDRiD_207.jpg,ad8dbd78eb2eaf6fd4128c135f6a7626c5efed20eebbafe26e02cb49f970fda6,False,True
IDRiD_208.jpg,training,B. Disease Grading/1. Original Images/a. Training Set/IDRiD_208.jpg,9caab058fbbdd2a38744ee24442722d76b88caedc6647ea9cf8d610cf76c456b,False,True
IDRiD_209.jpg,training,B. Disease Grading/1. Original Images/a. Training Set/IDRiD_209.jpg,2975819d8aa6e8d3cf29265cb70e35e69a0bed95bde73601923cb5f4b32610a0,False,True
IDRiD_210.jpg,training,B. Disease Grading/1. Original Images/a. Training Set/IDRiD_210.jpg,12f64966ab70e3240fd47d928603ba9c004dd15a635b4726c024dd44f4569c39,False,True
IDRiD_211.jpg,training,B. Disease Grading/1. Original Images/a. Training Set/IDRiD_211.jpg,170e69a3aa69b195d09d60a23eefc363a2170149d256380fbeb11d93253752a1,False,True
IDRiD_212.jpg,training,B. Disease Grading/1. Original Images/a. Training Set/IDRiD_212.jpg,8845504d607b4f51b03a2fc8e628e90caaf98bd104f1b51cecf44d9bc93cc065,False,True
IDRiD_213.jpg,training,B. Disease Grading/1. Original Images/a. Training Set/IDRiD_213.jpg,0640263c875e4056d3afb1f3d69fa351ec6f50990f6a114e1e16d15746b4b9e5,False,True
IDRiD_214.jpg,training,B. Disease Grading/1. Original Images/a. Training Set/IDRiD_214.jpg,3ed9dff626f21772de77d4fda6f2edf9f8c6a7512b1bda968d88e43bbd0a08c5,False,True
IDRiD_215.jpg,training,B. Disease Grading/1. Original Images/a. Training Set/IDRiD_215.jpg,13f40849a3563dd290ae325963f25c75b64a53bc13bf95df7b6ba5a1b10bc2c0,False,True
IDRiD_216.jpg,training,B. Disease Grading/1. Original Images/a. Training Set/IDRiD_216.jpg,236cfb98e4e8b858f0a4d96368810181ea79a91f334bf1c0f5ed6613c51a1231,False,True
IDRiD_217.jpg,training,B. Disease Grading/1. Original Images/a. Training Set/IDRiD_217.jpg,e1f542546716581d264aaad438a13fa933e7303ab31c2fd890e2ea22d031f810,False,True
IDRiD_218.jpg,training,B. Disease Grading/1. Original Images/a. Training Set/IDRiD_218.jpg,102cba3d3f9215349fd6731703ef1a4c994c224e9ff553df42c04f5588b1a0dd,False,True
IDRiD_219.jpg,training,B. Disease Grading/1. Original Images/a. Training Set/IDRiD_219.jpg,b2f2bc1069443c0bbb2529ab91da91148108bce270aa278b445ba0713df59b09,False,True
IDRiD_220.jpg,training,B. Disease Grading/1. Original Images/a. Training Set/IDRiD_220.jpg,8bf55b7766e2e12c09d7e07fd106fba7fa369164a8490abf61609a8c1aeedf43,False,True
IDRiD_221.jpg,training,B. Disease Grading/1. Original Images/a. Training Set/IDRiD_221.jpg,996abf672f725e0a173261729eeecca9697b593327de69ef143d397523d90474,False,True
IDRiD_222.jpg,training,B. Disease Grading/1. Original Images/a. Training Set/IDRiD_222.jpg,5b861d281ab673937f6906305fc72ad396b292e5f927a7de28fb2216c42ec816,False,True
IDRiD_223.jpg,training,B. Disease Grading/1. Original Images/a. Training Set/IDRiD_223.jpg,40be0332659373f4dfaeb632a3b398a1254e0db8277504eac1fe17c271c1ee02,False,True
IDRiD_224.jpg,training,B. Disease Grading/1. Original Images/a. Training Set/IDRiD_224.jpg,268947052619d6ff2c078734c672eeb2f137244a78ac05b4af5d3532aa7ba3c8,False,True
IDRiD_225.jpg,training,B. Disease Grading/1. Original Images/a. Training Set/IDRiD_225.jpg,083cab1f6f1ed35f7150955bd18b346f45f8d5d6e49b422692d5b9478f0b0acc,False,True
IDRiD_226.jpg,training,B. Disease Grading/1. Original Images/a. Training Set/IDRiD_226.jpg,bd4ffb28150feb5cc379e0747df9c2700bf3a9bed3f3da9bde1c6d35be111f25,False,True
IDRiD_227.jpg,training,B. Disease Grading/1. Original Images/a. Training Set/IDRiD_227.jpg,f33ce1fc90966cd916ee0e055e4f9383191a77a8d0068c43a1160eac8ef82a98,False,True
IDRiD_228.jpg,training,B. Disease Grading/1. Original Images/a. Training Set/IDRiD_228.jpg,a9072496f640c3dae922798720e30da72b0f507d9e611e7fda26af6fc295099e,False,True
IDRiD_229.jpg,training,B. Disease Grading/1. Original Images/a. Training Set/IDRiD_229.jpg,cf0328f488f59da1c22f77bb7dd4930d49666505282e3532a35bdde85caceb57,False,True
IDRiD_230.jpg,training,B. Disease Grading/1. Original Images/a. Training Set/IDRiD_230.jpg,fd3f3b3d72e9336ae25d39c2876df940d3a3b1625e201a1cb8c61ad169f21ed6,False,True
IDRiD_231.jpg,training,B. Disease Grading/1. Original Images/a. Training Set/IDRiD_231.jpg,1c40ed30bdbe18b77b25184274b57534095f120cdfacab6b6839f36e7e598b82,False,True
IDRiD_232.jpg,training,B. Disease Grading/1. Original Images/a. Training Set/IDRiD_232.jpg,3f987be96d4975c8b213702af64df4ad31c09173bddaafbba4ec9cc5a449a719,False,True
IDRiD_233.jpg,training,B. Disease Grading/1. Original Images/a. Training Set/IDRiD_233.jpg,2867f24aff66a98f17d96842ac2b5251ebb1e7603eab413b9d389738ac05d9fa,False,True
IDRiD_234.jpg,training,B. Disease Grading/1. Original Images/a. Training Set/IDRiD_234.jpg,de6cf99e4484d3d1d049cd2513379dd32bceb9890d2540a973bb2ff42c9cae28,False,True
IDRiD_235.jpg,training,B. Disease Grading/1. Original Images/a. Training Set/IDRiD_235.jpg,a8ed4ff3f8911b0385c97ce994a56699aafae58eb5156cb3ec757b3fe43083f8,False,True
IDRiD_236.jpg,training,B. Disease Grading/1. Original Images/a. Training Set/IDRiD_236.jpg,3111fe5257ea5a69fdbcb234847600f39ac8fc6fae1ecc1789360403066a0142,False,True
IDRiD_237.jpg,training,B. Disease Grading/1. Original Images/a. Training Set/IDRiD_237.jpg,b2285a71e778449b39f96a2d7e2c030134a1d890c9ccfd4db948b4edc8494197,False,True
IDRiD_238.jpg,training,B. Disease Grading/1. Original Images/a. Training Set/IDRiD_238.jpg,e0053931499c051622b063001b04774060cc6f52a7263192232ff0213fbd32ff,False,True
IDRiD_239.jpg,training,B. Disease Grading/1. Original Images/a. Training Set/IDRiD_239.jpg,b7a1cce8a6411db2120bc68ed8efa91d3dd85ac26e1b5f795272026a1d976c41,False,True
IDRiD_240.jpg,training,B. Disease Grading/1. Original Images/a. Training Set/IDRiD_240.jpg,b0785f3d07e079865f4c8c5a4d67827ebdc59cf67c4d9335767ca4aa3144acb7,False,True
IDRiD_241.jpg,training,B. Disease Grading/1. Original Images/a. Training Set/IDRiD_241.jpg,fc201ef867edd1bd808398110eed7829bfb010315a21007b09bd4f9fc21aaded,False,True
IDRiD_242.jpg,training,B. Disease Grading/1. Original Images/a. Training Set/IDRiD_242.jpg,052fc492a2fb32badb452672e282453ca177ade080c3b7c3045221fda8d7273e,False,True
IDRiD_243.jpg,training,B. Disease Grading/1. Original Images/a. Training Set/IDRiD_243.jpg,3d74e454443883600f5f74a1b1f63a26bb6aaf651691aea1937628c9ff3c9de1,False,True
IDRiD_244.jpg,training,B. Disease Grading/1. Original Images/a. Training Set/IDRiD_244.jpg,f376c82b4300decfa34814474aa29e6fd448e24a647553846848b56f4b98c5a5,False,True
IDRiD_245.jpg,training,B. Disease Grading/1. Original Images/a. Training Set/IDRiD_245.jpg,163d73a7d739c5398acc0d2483b4542d28c31fbd93df0ff1bb95df1ce2924c86,False,True
IDRiD_246.jpg,training,B. Disease Grading/1. Original Images/a. Training Set/IDRiD_246.jpg,b7bdf79eea3fb9ff1bbf456c6527cf98b4aba00f73f51ff193a016149d9e9eb7,False,True
IDRiD_247.jpg,training,B. Disease Grading/1. Original Images/a. Training Set/IDRiD_247.jpg,b9b45615375e678e5020fdfa6f3a9e2f5beac7a0bc9025f9d0ccd4f94d95e618,False,True
IDRiD_248.jpg,training,B. Disease Grading/1. Original Images/a. Training Set/IDRiD_248.jpg,79932f1221218128cbfa88d88df7704ab0d61419f72840e7966a6c94b1a4177f,False,True
IDRiD_249.jpg,training,B. Disease Grading/1. Original Images/a. Training Set/IDRiD_249.jpg,d266bb45af7b7633764c3e5a931969d4d09645743f09e437d47dfe3c3f49d51e,False,True
IDRiD_250.jpg,training,B. Disease Grading/1. Original Images/a. Training Set/IDRiD_250.jpg,4150e9252a8ccb46ae97e9e50acd11336b56bbff49f79e5031b1ae7bf3d7c95f,False,True
IDRiD_251.jpg,training,B. Disease Grading/1. Original Images/a. Training Set/IDRiD_251.jpg,93eaccb7c13620f3234624bebd35f5953b3acfa23159bf5942b7afcbf809883a,False,True
IDRiD_252.jpg,training,B. Disease Grading/1. Original Images/a. Training Set/IDRiD_252.jpg,298c1db8ef65be204f6c592c12756ae96c095ba7cc65529b8dea9993ccf7dff3,False,True
IDRiD_253.jpg,training,B. Disease Grading/1. Original Images/a. Training Set/IDRiD_253.jpg,f3996f07ebda19b2f8fcbe7eb9b46d80cb691a82dbdb8fe3ea53866701ce13fb,False,True
IDRiD_254.jpg,training,B. Disease Grading/1. Original Images/a. Training Set/IDRiD_254.jpg,262b122599b75f0d3da7605ba53a82feef919bf6a60ebdfe73882ccfe406dde8,False,True
IDRiD_255.jpg,training,B. Disease Grading/1. Original Images/a. Training Set/IDRiD_255.jpg,f053bbe51aeaf0a9d56aeece1dfedad0e3b97b6a06bf17b203c8ff7fb5b54983,False,True
IDRiD_256.jpg,training,B. Disease Grading/1. Original Images/a. Training Set/IDRiD_256.jpg,5ecfaa70d712a60056e84b37c2204dc794e2a2ff95c6198f3f5b90d0f0ee36ec,False,True
IDRiD_257.jpg,training,B. Disease Grading/1. Original Images/a. Training Set/IDRiD_257.jpg,7f3eb364f83122e993bd2cef8efd61ec3857d9d076cdb09feb0f07419ff916bf,False,True
IDRiD_258.jpg,training,B. Disease Grading/1. Original Images/a. Training Set/IDRiD_258.jpg,3e117b79f7cc501e13d6af8f5ad99aaaa4ef60f39b7f326fc9904f8ca198f7f9,False,True
IDRiD_259.jpg,training,B. Disease Grading/1. Original Images/a. Training Set/IDRiD_259.jpg,092dc811e6fbf47442849afef25d15472d876b2b6722729faf10142f90580c0a,False,True
IDRiD_260.jpg,training,B. Disease Grading/1. Original Images/a. Training Set/IDRiD_260.jpg,c1862fae40265ffffb1f0bccf040a10ecbe9b5b25052a5f927c672748302a1b6,False,True
IDRiD_261.jpg,training,B. Disease Grading/1. Original Images/a. Training Set/IDRiD_261.jpg,dd7c500a994b0d60f0d4790133ac622023a20ae433f2a5b1d6c9d44a83fea646,False,True
IDRiD_262.jpg,training,B. Disease Grading/1. Original Images/a. Training Set/IDRiD_262.jpg,10806e5f6a0c201a4ebbd9bfd3e83553443350b23076cd2793d0d23d3ce5e126,False,True
IDRiD_263.jpg,training,B. Disease Grading/1. Original Images/a. Training Set/IDRiD_263.jpg,6a54f77042dcba2573d6501928189618d5b5a6916631760ee3753fc90744a506,False,True
IDRiD_264.jpg,training,B. Disease Grading/1. Original Images/a. Training Set/IDRiD_264.jpg,ae39dd444bb72d591fe0fc41351afdf48b4b54140faadbb4cc03b04e5cabf431,False,True
IDRiD_265.jpg,training,B. Disease Grading/1. Original Images/a. Training Set/IDRiD_265.jpg,37702d3ada7dacfbac2698f488297bd50c300cd36803b52168c5ac881cda61bb,False,True
IDRiD_266.jpg,training,B. Disease Grading/1. Original Images/a. Training Set/IDRiD_266.jpg,c17fdc83378fbe3ac27fd9cbec732b23ffd9785d2042f1e9da5345ebeac242ca,False,True
IDRiD_267.jpg,training,B. Disease Grading/1. Original Images/a. Training Set/IDRiD_267.jpg,58b51df56efb0ed17e2dec1dab26873ad9cec5d601fdc10bcd156f4e37732dcf,False,True
IDRiD_268.jpg,training,B. Disease Grading/1. Original Images/a. Training Set/IDRiD_268.jpg,5854f44d89add5fed30f9be19c1f0a0514b379c8ee56e60ac22b313b5b2303ec,False,True
IDRiD_269.jpg,training,B. Disease Grading/1. Original Images/a. Training Set/IDRiD_269.jpg,3f1132bdb4ad3caddca8a58d3bdf5341c2901699d9fa1e231cb7aa61dd26757c,False,True
IDRiD_270.jpg,training,B. Disease Grading/1. Original Images/a. Training Set/IDRiD_270.jpg,07fe08e3ca31066732d92ee8d2d33742ee7e3e80bda5b999a37707ebd2a4e981,False,True
IDRiD_271.jpg,training,B. Disease Grading/1. Original Images/a. Training Set/IDRiD_271.jpg,402990c8247a9f4dc029ac27ba5c2640b5b93034d5eaf27fe98a117c46058b9a,False,True
IDRiD_272.jpg,training,B. Disease Grading/1. Original Images/a. Training Set/IDRiD_272.jpg,ca783a139064687bf472b247e15bd71bb4877bb18431654933d69af97a6d2021,False,True
IDRiD_273.jpg,training,B. Disease Grading/1. Original Images/a. Training Set/IDRiD_273.jpg,0b3fa3fd80808b72301b23417da95a641a22f4e4033e16591af77787ca295c77,False,True
IDRiD_274.jpg,training,B. Disease Grading/1. Original Images/a. Training Set/IDRiD_274.jpg,1667132597cdd7cd57b8aec08558b6e2a4a18c972bf1dcb3efcf67de92d41abd,False,True
IDRiD_275.jpg,training,B. Disease Grading/1. Original Images/a. Training Set/IDRiD_275.jpg,37eefc5583dd2b85d52a70e1e8a5e008f7a835df778a08ab8ea74f152f770e4b,False,True
IDRiD_276.jpg,training,B. Disease Grading/1. Original Images/a. Training Set/IDRiD_276.jpg,52c091907fd41f5560cb2eb7d58286c5c27d844f1b536e5f97700c940121a9b3,False,True
IDRiD_277.jpg,training,B. Disease Grading/1. Original Images/a. Training Set/IDRiD_277.jpg,c021a8f74a111b0c7a8aa13d334175d15f8dd90b4632031261326f7351c5820a,False,True
IDRiD_278.jpg,training,B. Disease Grading/1. Original Images/a. Training Set/IDRiD_278.jpg,87adf0933b0d2f6d63a72cf0707a63ab80b5bd64e7c4445ef8306e66a118a471,False,True
IDRiD_279.jpg,training,B. Disease Grading/1. Original Images/a. Training Set/IDRiD_279.jpg,314e41f14e9d2966eff50a085d02c7acf2a1439702358b5849f3db4657f8381b,False,True
IDRiD_280.jpg,training,B. Disease Grading/1. Original Images/a. Training Set/IDRiD_280.jpg,838d37dcf56d2f1b7b207313d330bdca8512e2930ed4892c8487e07665f47da9,False,True
IDRiD_281.jpg,training,B. Disease Grading/1. Original Images/a. Training Set/IDRiD_281.jpg,3c78a6e8afc03157d6507af296f672377f0996c8bda981e6a7e3a80ef8fd6527,False,True
IDRiD_282.jpg,training,B. Disease Grading/1. Original Images/a. Training Set/IDRiD_282.jpg,a01dea31b31e5ebea14adedda60e152585054342b03531cc6abd8de222c28a1b,False,True
IDRiD_283.jpg,training,B. Disease Grading/1. Original Images/a. Training Set/IDRiD_283.jpg,8abb63887698f29c7c15a4f34c9bd4d67fd47436daa27fd2d6b55b3649eecf60,False,True
IDRiD_284.jpg,training,B. Disease Grading/1. Original Images/a. Training Set/IDRiD_284.jpg,a1ea03945828fee1d4ad846b4ca40dab6823fc8b65755736ece56ad7eff0c30e,False,True
IDRiD_285.jpg,training,B. Disease Grading/1. Original Images/a. Training Set/IDRiD_285.jpg,4da4578fecb679700049c3d1fd9456539833d92912f43cc6bb89cc72eaab3191,False,True
IDRiD_286.jpg,training,B. Disease Grading/1. Original Images/a. Training Set/IDRiD_286.jpg,be8cbe573547a926be6c1530fcaa156d1c64ffe0e0140b97d332fa2c87db28ac,False,True
IDRiD_287.jpg,training,B. Disease Grading/1. Original Images/a. Training Set/IDRiD_287.jpg,e18ff1da017b875875a54b14fb80c48987e34b533184e0d18c6f917ba41149e7,False,True
IDRiD_288.jpg,training,B. Disease Grading/1. Original Images/a. Training Set/IDRiD_288.jpg,b4dac76497a69c4899f7905489d63c2d9a6246d0e9382882c3ebae777978903e,False,True
IDRiD_289.jpg,training,B. Disease Grading/1. Original Images/a. Training Set/IDRiD_289.jpg,4682c0a2c3514adef6bfe68acc3f59cdb297430ca64ea8282aca910a6f8a6f1b,False,True
IDRiD_290.jpg,training,B. Disease Grading/1. Original Images/a. Training Set/IDRiD_290.jpg,c82b526a2158d2366e9b1cf362ebb162d1b1109d2723cd2b30e4def3f907c1d2,False,True
IDRiD_291.jpg,training,B. Disease Grading/1. Original Images/a. Training Set/IDRiD_291.jpg,8b39ceeb25f98fa4d2684b93d567964b1c57221366b035d345e678c138236600,False,True
IDRiD_292.jpg,training,B. Disease Grading/1. Original Images/a. Training Set/IDRiD_292.jpg,13eb3b2deb61ec18068052b0c2d8ae0219d70ec7536e98241946009b6ba27bed,False,True
IDRiD_293.jpg,training,B. Disease Grading/1. Original Images/a. Training Set/IDRiD_293.jpg,0c92224f6301047a39009218819ffa0062458155c7a2c637c2816d219e564621,False,True
IDRiD_294.jpg,training,B. Disease Grading/1. Original Images/a. Training Set/IDRiD_294.jpg,7e0d7108bf88219ecaea06aee442b7ced55696e7e477a06b066ba6e28e04e704,False,True
IDRiD_295.jpg,training,B. Disease Grading/1. Original Images/a. Training Set/IDRiD_295.jpg,a11ef7f091a484422b1bca2c762a44648b5ce122fef24a1af88a9cab75802cc8,False,True
IDRiD_296.jpg,training,B. Disease Grading/1. Original Images/a. Training Set/IDRiD_296.jpg,dd67b06eb6809d7c9476710b5ceeec082b6477ee94fccc97ee03b7c84e7a9a60,False,True
IDRiD_297.jpg,training,B. Disease Grading/1. Original Images/a. Training Set/IDRiD_297.jpg,af487552c965c0d43a8b01796649a3c9799b7ac637299899a04e814b3907162a,False,True
IDRiD_298.jpg,training,B. Disease Grading/1. Original Images/a. Training Set/IDRiD_298.jpg,36e80a240d66a5da76fcac0386ba5bdb82eb5382f554f00df1d612cb0dca9e26,False,True
IDRiD_299.jpg,training,B. Disease Grading/1. Original Images/a. Training Set/IDRiD_299.jpg,0d8490b9d9451a86ca7d84f96f294e050a9d4fc531ed466bd008c973e83fe01a,False,True
IDRiD_300.jpg,training,B. Disease Grading/1. Original Images/a. Training Set/IDRiD_300.jpg,e58cf480aef51b4b65797e83ccd81f219e5caf1b2d5a89a43e311784c8b132dc,False,True
IDRiD_301.jpg,training,B. Disease Grading/1. Original Images/a. Training Set/IDRiD_301.jpg,817c4db6d9e95578286a4b49344d054c2c7595a8731cacab95295b5cb8ffec65,False,True
IDRiD_302.jpg,training,B. Disease Grading/1. Original Images/a. Training Set/IDRiD_302.jpg,162320165357b0742e6541035e9dccaa2001008f567e14f4fc100ffa33fdc3c6,False,True
IDRiD_303.jpg,training,B. Disease Grading/1. Original Images/a. Training Set/IDRiD_303.jpg,e361ec8920b207ea7d05aea168ea121e21f183e675e15a73d65168ff5c9ce4eb,False,True
IDRiD_304.jpg,training,B. Disease Grading/1. Original Images/a. Training Set/IDRiD_304.jpg,940ee1602eeec5bd77bd1478249c2702a9c7cd2176bf5df9f730a5d8f7b132d9,False,True
IDRiD_305.jpg,training,B. Disease Grading/1. Original Images/a. Training Set/IDRiD_305.jpg,96a23bfa45bd8bca14b8a7b99db603f336163c827c0ff3f60fb5435909418cfb,False,True
IDRiD_306.jpg,training,B. Disease Grading/1. Original Images/a. Training Set/IDRiD_306.jpg,9d06b7ab0949f68b11771d8c15217040ae91f2a3639795ca0df8bd48c3c9b991,False,True
IDRiD_307.jpg,training,B. Disease Grading/1. Original Images/a. Training Set/IDRiD_307.jpg,6557466c789a27726980bf5097b32b0afcd6604af1b2f0b50a1511b2caf48a13,False,True
IDRiD_308.jpg,training,B. Disease Grading/1. Original Images/a. Training Set/IDRiD_308.jpg,da905c9774862883d42be8780951780eda7d9cae08f5809b1211d0c111e6e3f3,False,True
IDRiD_309.jpg,training,B. Disease Grading/1. Original Images/a. Training Set/IDRiD_309.jpg,f9156c7f254db6dca59116c926b4cf8f8f06a3682f76e781b9123ff0a320aaa4,False,True
IDRiD_310.jpg,training,B. Disease Grading/1. Original Images/a. Training Set/IDRiD_310.jpg,ab67141cd20f4d825d10014339a4f913325a850be467588e044d2371a90aa8c6,False,True
IDRiD_311.jpg,training,B. Disease Grading/1. Original Images/a. Training Set/IDRiD_311.jpg,c82b4b75641f835cd70dffb43a02bd5d76057b81e5365fcab83c553850f841a3,False,True
IDRiD_312.jpg,training,B. Disease Grading/1. Original Images/a. Training Set/IDRiD_312.jpg,d31af8524e102abe11abc0210e4f00a6332465147bb43edb3ea625e937a37789,False,True
IDRiD_313.jpg,training,B. Disease Grading/1. Original Images/a. Training Set/IDRiD_313.jpg,1fe6d5953ab6ea597344eb2469d8d4068e4dc49b42bac050f4e77dbdc5112716,False,True
IDRiD_314.jpg,training,B. Disease Grading/1. Original Images/a. Training Set/IDRiD_314.jpg,943d03a0286d2704618efcb634ceec0a214796934727d08464005ca24c8f732d,False,True
IDRiD_315.jpg,training,B. Disease Grading/1. Original Images/a. Training Set/IDRiD_315.jpg,a571948361fadade0eeba675262b20fa20155cd69f0ad5d18f69a5af38bb5360,False,True
IDRiD_316.jpg,training,B. Disease Grading/1. Original Images/a. Training Set/IDRiD_316.jpg,d727437067b46673541b8f800ef60cff3ea4365dd7f2077c612fbc6f8f10828c,False,True
IDRiD_317.jpg,training,B. Disease Grading/1. Original Images/a. Training Set/IDRiD_317.jpg,0ca583f47fb211dd38392a86281dfd3125fd198d3d168e44ab3921a6a6149d00,False,True
IDRiD_318.jpg,training,B. Disease Grading/1. Original Images/a. Training Set/IDRiD_318.jpg,34c1ee37dc55318dd0e0d9e0eb989566d9c3500b22ec2d942aa0a37c7310d97b,False,True
IDRiD_319.jpg,training,B. Disease Grading/1. Original Images/a. Training Set/IDRiD_319.jpg,babd62253b3b89cf0ea746ab89c01213dc47abb8c698de241158b287986d360f,False,True
IDRiD_320.jpg,training,B. Disease Grading/1. Original Images/a. Training Set/IDRiD_320.jpg,8ee3611fb20fd86b8f10dbd503f22b62f49d7b41530322c0000d99a9bb1d76f2,False,True
IDRiD_321.jpg,training,B. Disease Grading/1. Original Images/a. Training Set/IDRiD_321.jpg,fbbaa658b2f0e5935fe0f40b36055f807f6f741441301c245b0a5e7050dc693a,False,True
IDRiD_322.jpg,training,B. Disease Grading/1. Original Images/a. Training Set/IDRiD_322.jpg,db87e7e828306281620878fbbcfe777e06227f33f9a2ee5a23b23a74a0c983d9,False,True
IDRiD_323.jpg,training,B. Disease Grading/1. Original Images/a. Training Set/IDRiD_323.jpg,6935608f7f457c717cf8c61c5b43189b1233ebf2d66b300fdfee0c8b7b5dbe48,False,True
IDRiD_324.jpg,training,B. Disease Grading/1. Original Images/a. Training Set/IDRiD_324.jpg,8f0d2b5fe2e2ea5054cb0f302aadfbcd54d3b0a7604f027baf17b8289450cd18,False,True
IDRiD_325.jpg,training,B. Disease Grading/1. Original Images/a. Training Set/IDRiD_325.jpg,4f219a9beaaa16ff15d20c9108bc418f4990d4230a24b6ca049cd7c59c43df6b,False,True
IDRiD_326.jpg,training,B. Disease Grading/1. Original Images/a. Training Set/IDRiD_326.jpg,20fae8595c959ad79ecfa602493867ee5364379ce8d51f09f20f6fd8be4131fb,False,True
IDRiD_327.jpg,training,B. Disease Grading/1. Original Images/a. Training Set/IDRiD_327.jpg,350754e96bf6b9540264c1b53088dc1f5826edb2a9d3d3221acf9ef5afd76a13,False,True
IDRiD_328.jpg,training,B. Disease Grading/1. Original Images/a. Training Set/IDRiD_328.jpg,0965b0f9e4e37bb6b5e64daa5bf81279f382c0554d87f68ce45f251959c2bded,False,True
IDRiD_329.jpg,training,B. Disease Grading/1. Original Images/a. Training Set/IDRiD_329.jpg,435629967b60947c79a02032ec3e9e87ad473a5acc18d7e2734e92d34fb436b2,False,True
IDRiD_330.jpg,training,B. Disease Grading/1. Original Images/a. Training Set/IDRiD_330.jpg,d91cb48d6ab6374da3c151a84d01e9fca92f7be4a143cd5c83d034eb0e5a4d8b,False,True
IDRiD_331.jpg,training,B. Disease Grading/1. Original Images/a. Training Set/IDRiD_331.jpg,dfbe2dbe3073f20be22e5e9ac2a85e37e2cdc905605e90ce01600218073332ba,False,True
IDRiD_332.jpg,training,B. Disease Grading/1. Original Images/a. Training Set/IDRiD_332.jpg,ae4f97d4812985beb8968fc1313c485c903e9492e82ba28ba56e481ae9d04efd,False,True
IDRiD_333.jpg,training,B. Disease Grading/1. Original Images/a. Training Set/IDRiD_333.jpg,fe4f412a179adf78bd9a367d1702878d45302db3f7706c4bf7efc834a312e91c,False,True
IDRiD_334.jpg,training,B. Disease Grading/1. Original Images/a. Training Set/IDRiD_334.jpg,a5f1b584826deeeadce3f351d5b4aadd06de562a1f79d3b920d963c2d10eddfa,False,True
IDRiD_335.jpg,training,B. Disease Grading/1. Original Images/a. Training Set/IDRiD_335.jpg,79fa39f9ae746ccacadd483193c747778e03326ccec65b3c237531463ca9be4e,False,True
IDRiD_336.jpg,training,B. Disease Grading/1. Original Images/a. Training Set/IDRiD_336.jpg,02193d4fb9d69eb9a4d2fcb5a4b37a31ae608f43eba94b465621be03c74b020c,False,True
IDRiD_337.jpg,training,B. Disease Grading/1. Original Images/a. Training Set/IDRiD_337.jpg,2b40ef2548788f5dd2f6cf3aabbde2954740337326270215d7d1e34ccc5a4ccf,False,True
IDRiD_338.jpg,training,B. Disease Grading/1. Original Images/a. Training Set/IDRiD_338.jpg,e3e0212afd4a55a5a220372e09d443b3ecc88132cfb2093d76e80a859d90068a,False,True
IDRiD_339.jpg,training,B. Disease Grading/1. Original Images/a. Training Set/IDRiD_339.jpg,b463e0826cde40d0f0117885a6c27896872270ec9615396e58f63a47859ff6c5,False,True
IDRiD_340.jpg,training,B. Disease Grading/1. Original Images/a. Training Set/IDRiD_340.jpg,b6a396b56b3f5e0c942f615df94f214e3776f96a60447bd410b5296fac9606a5,False,True
IDRiD_341.jpg,training,B. Disease Grading/1. Original Images/a. Training Set/IDRiD_341.jpg,7f3352b1fee8011bb13847dd600e19b73310cd6f7ecca955f73d74ee6e17fa3c,False,True
IDRiD_342.jpg,training,B. Disease Grading/1. Original Images/a. Training Set/IDRiD_342.jpg,ab95a5ab33df7b21285e098114ccb5b1b09ef999f04d7a5ecbb0b29487ce78e7,False,True
IDRiD_343.jpg,training,B. Disease Grading/1. Original Images/a. Training Set/IDRiD_343.jpg,b812f540c953746baa490a46531c281466d05887cc13c18bbbf7757f17f5068e,False,True
IDRiD_344.jpg,training,B. Disease Grading/1. Original Images/a. Training Set/IDRiD_344.jpg,c817e25fcb9468afe05186b8f000a524a888f2f291295a34b61c65e4328da306,False,True
IDRiD_345.jpg,training,B. Disease Grading/1. Original Images/a. Training Set/IDRiD_345.jpg,279e2078dbd50ac2506c0a2a4a7d3166e28486fb951c9597850423cad6d15de7,False,True
IDRiD_346.jpg,training,B. Disease Grading/1. Original Images/a. Training Set/IDRiD_346.jpg,34cc327d57ff3ab137c3e935fd253097b36777d4c7d7d24f7bba036cfc9a8317,False,True
IDRiD_347.jpg,training,B. Disease Grading/1. Original Images/a. Training Set/IDRiD_347.jpg,9251aa799206792cfeb76e7d12aceac3b58bdb61a100279634e0f15035ec3f5c,False,True
IDRiD_348.jpg,training,B. Disease Grading/1. Original Images/a. Training Set/IDRiD_348.jpg,738cf6b7d88b8fae04b286fc1b061bf512bcef8df85e5defd17c2c0401772218,False,True
IDRiD_349.jpg,training,B. Disease Grading/1. Original Images/a. Training Set/IDRiD_349.jpg,40508b59c1b861bfd0d20a79db2db9a4f8b9789ac9d8900542cd0cd11f85347f,False,True
IDRiD_350.jpg,training,B. Disease Grading/1. Original Images/a. Training Set/IDRiD_350.jpg,05551761f5a4b4292f6b3d660d862a613a84a135b3eaa0ccb3c89dba1b50a413,False,True
IDRiD_351.jpg,training,B. Disease Grading/1. Original Images/a. Training Set/IDRiD_351.jpg,a50150b52158fc389a4a6d2175b628ae71060eee0ff8f0fb35b013f00f732f2c,False,True
IDRiD_352.jpg,training,B. Disease Grading/1. Original Images/a. Training Set/IDRiD_352.jpg,1c4629dd93dc7dc9a6c339726a468b5349af999e7c9d7db5455b6a225956e22d,False,True
IDRiD_353.jpg,training,B. Disease Grading/1. Original Images/a. Training Set/IDRiD_353.jpg,6cc34dfe84c81ae8e9892d79268d757e829c7ea0dd3b226ff71a5a69bbd70ef3,False,True
IDRiD_354.jpg,training,B. Disease Grading/1. Original Images/a. Training Set/IDRiD_354.jpg,1b08a0df839ffdd74a2f167d51fcaa8f26e76a1e25f40ad911479c6674029162,False,True
IDRiD_355.jpg,training,B. Disease Grading/1. Original Images/a. Training Set/IDRiD_355.jpg,9be7318509cfc20d78998bda35e154442af8059b40a21b9ec5e97ae122b25cad,False,True
IDRiD_356.jpg,training,B. Disease Grading/1. Original Images/a. Training Set/IDRiD_356.jpg,37ee91a2d70e8cfb693e6fa8f840a81964e7bd8bed28dc85449010ba5f79f950,False,True
IDRiD_357.jpg,training,B. Disease Grading/1. Original Images/a. Training Set/IDRiD_357.jpg,42f9afb7405dd2d798fc8a23dbc7406ddfb2b35a40e7182780c5b02a0dd91cc3,False,True
IDRiD_358.jpg,training,B. Disease Grading/1. Original Images/a. Training Set/IDRiD_358.jpg,e60c9a49b07e9d6c037f879b410064b23c2d44ac80e929729feb18b53de88898,False,True
IDRiD_359.jpg,training,B. Disease Grading/1. Original Images/a. Training Set/IDRiD_359.jpg,36696b9e86eee7d39edbaf67766ae50e7473a76045f8f8686e54f891aef3f6bd,False,True
IDRiD_360.jpg,training,B. Disease Grading/1. Original Images/a. Training Set/IDRiD_360.jpg,b83e084f9dd8284212c7b28282788cdb18867501c146573f7c6f52c5efef992b,False,True
IDRiD_361.jpg,training,B. Disease Grading/1. Original Images/a. Training Set/IDRiD_361.jpg,37f28772772f198c662f784188736ce2497c960238287cf396908c7582035572,False,True
IDRiD_362.jpg,training,B. Disease Grading/1. Original Images/a. Training Set/IDRiD_362.jpg,a620ff4413c0758dcb8ad34b5b1245d6eff35365869650da2fd2de64adbcfeae,False,True
IDRiD_363.jpg,training,B. Disease Grading/1. Original Images/a. Training Set/IDRiD_363.jpg,364c8045d7fdf4724265b371f1d7669a3ccf3c4ca842dddaa0e0b2905db91463,False,True
IDRiD_364.jpg,training,B. Disease Grading/1. Original Images/a. Training Set/IDRiD_364.jpg,44fac10f677e1867c5966f734248be76a947acfc05867b40a98bef44fc33c948,False,True
IDRiD_365.jpg,training,B. Disease Grading/1. Original Images/a. Training Set/IDRiD_365.jpg,92f84ef4bf82f90c4a6b32f7a772c711653b24133820e39017d65f2e501a42bd,False,True
IDRiD_366.jpg,training,B. Disease Grading/1. Original Images/a. Training Set/IDRiD_366.jpg,2a5d305ab8414ec0c23316ff3d2eb8d82c02292d1ea1b7a8ebc4bd8080d47483,False,True
IDRiD_367.jpg,training,B. Disease Grading/1. Original Images/a. Training Set/IDRiD_367.jpg,f253067b0dd598650091aade429c336a68f83143f1a9c8e30a5837525df8b345,False,True
IDRiD_368.jpg,training,B. Disease Grading/1. Original Images/a. Training Set/IDRiD_368.jpg,7ad5e5300675ea794af9397b8e7ecc54d7664b9391b393002421cbad63bc3777,False,True
IDRiD_369.jpg,training,B. Disease Grading/1. Original Images/a. Training Set/IDRiD_369.jpg,092d05e8bb47568b511d896dd8ec79dccf9f5dd53bcb8d3ce5ec1a6c38d3e1b3,False,True
IDRiD_370.jpg,training,B. Disease Grading/1. Original Images/a. Training Set/IDRiD_370.jpg,b64622acf8727cb26f5c27f62126e942378004293c8101f7f406d86d7f0616f0,False,True
IDRiD_371.jpg,training,B. Disease Grading/1. Original Images/a. Training Set/IDRiD_371.jpg,24dd74c31ec2f325884410011269183313b5564942daaf93727a3caa1f344339,False,True
IDRiD_372.jpg,training,B. Disease Grading/1. Original Images/a. Training Set/IDRiD_372.jpg,01f9516b7ce00c9bfcc9665ee6e83508ba388011b2ef541ec0a11c8d2d66adb0,False,True
IDRiD_373.jpg,training,B. Disease Grading/1. Original Images/a. Training Set/IDRiD_373.jpg,68ada89018eae498e048d7bce778ee66ac6a5090cf219f5e19dc3d5f738543d4,False,True
IDRiD_374.jpg,training,B. Disease Grading/1. Original Images/a. Training Set/IDRiD_374.jpg,5d8bd9e9973067bc5713b10887b2fe0b0991f7a0352f56667cb94863fe0965b5,False,True
IDRiD_375.jpg,training,B. Disease Grading/1. Original Images/a. Training Set/IDRiD_375.jpg,a05e538dcf8554a99cdbc72a2ae4dedc196d87c73d9278869e644b4163af8f4d,False,True
IDRiD_376.jpg,training,B. Disease Grading/1. Original Images/a. Training Set/IDRiD_376.jpg,0cca3b3893c5496b207713ba65d4843ceccc2c643aa117e461519cc4ac1bb74c,False,True
IDRiD_377.jpg,training,B. Disease Grading/1. Original Images/a. Training Set/IDRiD_377.jpg,832fdf2ac671c7034690f91bee235159dcd75edab426e9dfd602051137b05aae,False,True
IDRiD_378.jpg,training,B. Disease Grading/1. Original Images/a. Training Set/IDRiD_378.jpg,6cd8caf63c1e6b203b3c422569e0e538affd16330d5f34ed6933f360e94321b6,False,True
IDRiD_379.jpg,training,B. Disease Grading/1. Original Images/a. Training Set/IDRiD_379.jpg,86e1fda9db75746c40e753358a6480aa0e394115cfe8b21150c909785d360ee6,False,True
IDRiD_380.jpg,training,B. Disease Grading/1. Original Images/a. Training Set/IDRiD_380.jpg,ec6ac4338d9535a8b274bbd4e631962527d5aa0d08a039d82911bf68a40613da,False,True
IDRiD_381.jpg,training,B. Disease Grading/1. Original Images/a. Training Set/IDRiD_381.jpg,60962658e744c65542c4dca3124cbee1491a61cdbe2905cdfad480558a4057a5,False,True
IDRiD_382.jpg,training,B. Disease Grading/1. Original Images/a. Training Set/IDRiD_382.jpg,58c6b440048b497f5871fbde4218755a4eaccba9c2b010de6ecaa14643989693,False,True
IDRiD_383.jpg,training,B. Disease Grading/1. Original Images/a. Training Set/IDRiD_383.jpg,6619a79e23f4ee98f4184e8f6d1d125b86ea3afd6d8b36b5b0113d621b51fb53,False,True
IDRiD_384.jpg,training,B. Disease Grading/1. Original Images/a. Training Set/IDRiD_384.jpg,8dc30f5238322fbc7b4e36309c0931c3e0a123148c5de001895743f028c5122c,False,True
IDRiD_385.jpg,training,B. Disease Grading/1. Original Images/a. Training Set/IDRiD_385.jpg,c17b61d8a1da3557c5e7a2bf55e3dd5c71d8eff59f506c51ef59bf7baf6e1b16,False,True
IDRiD_386.jpg,training,B. Disease Grading/1. Original Images/a. Training Set/IDRiD_386.jpg,affc2f4947238f48d07e66a211bf6abec815ba9bd5dd53267cae1991dce394ec,False,True
IDRiD_387.jpg,training,B. Disease Grading/1. Original Images/a. Training Set/IDRiD_387.jpg,f2cc1e7b22055efd0ac9c46218f129ca316338256a9b34787347bbc976cb8e73,False,True
IDRiD_388.jpg,training,B. Disease Grading/1. Original Images/a. Training Set/IDRiD_388.jpg,0d153948b9c093951590ea8a9fe4dde81a37a6c6e42df43b9d3e0edceeaf3330,False,True
IDRiD_389.jpg,training,B. Disease Grading/1. Original Images/a. Training Set/IDRiD_389.jpg,464ff68a2aba906fbd396787db20a2a07a9b4ee86d587a18282f3a5844b82070,False,True
IDRiD_390.jpg,training,B. Disease Grading/1. Original Images/a. Training Set/IDRiD_390.jpg,554258c155e63717709b29efd74a8da45ceab46e5257dd24f31bc137ed5ed18c,False,True
IDRiD_391.jpg,training,B. Disease Grading/1. Original Images/a. Training Set/IDRiD_391.jpg,7c8af82fac4906b51dbe2d827e050b8b29a18cac21f569d2ac16af1cd65c9baf,False,True
IDRiD_392.jpg,training,B. Disease Grading/1. Original Images/a. Training Set/IDRiD_392.jpg,b6aa53c9dfd14ecce431b109a62b06fe143413f6c379aec955d8494235425453,False,True
IDRiD_393.jpg,training,B. Disease Grading/1. Original Images/a. Training Set/IDRiD_393.jpg,38a9963eac7ffbd679d1ac0961aad82d234f229b0de4ae7b4d475a9d970690a5,False,True
IDRiD_394.jpg,training,B. Disease Grading/1. Original Images/a. Training Set/IDRiD_394.jpg,46a7ebdcfddda9214bd230084fac264a71b2f55be2b2f4ea19067d7912eead09,False,True
IDRiD_395.jpg,training,B. Disease Grading/1. Original Images/a. Training Set/IDRiD_395.jpg,18de113a02844b9f41de250d364bb5d94b9e48c2bb1f695fbe4b3983a3d2c2ec,False,True
IDRiD_396.jpg,training,B. Disease Grading/1. Original Images/a. Training Set/IDRiD_396.jpg,903ea93f9c7eb3dd99216b1c2d9de8c850eab46dcb5d243f579a3469ccb14db5,False,True
IDRiD_397.jpg,training,B. Disease Grading/1. Original Images/a. Training Set/IDRiD_397.jpg,42a3f51896ab001e19f7e515719ed7e57d65d14fa9ab495e5b167d7f04b211e9,False,True
IDRiD_398.jpg,training,B. Disease Grading/1. Original Images/a. Training Set/IDRiD_398.jpg,41efcad6578308d7c3dbbfb5799a8b0bac9a6971e8689d4db57ddbc46c6acaca,False,True
IDRiD_399.jpg,training,B. Disease Grading/1. Original Images/a. Training Set/IDRiD_399.jpg,360f00f87e48ac9a4fda7f673766b2695d8ab18a978d329d9a6fd8d5c6b5711e,False,True
IDRiD_400.jpg,training,B. Disease Grading/1. Original Images/a. Training Set/IDRiD_400.jpg,eaa9ca634acfb88a3aef587e3175921647fbc2e1c07850e73975aa4411afec85,False,True
IDRiD_401.jpg,training,B. Disease Grading/1. Original Images/a. Training Set/IDRiD_401.jpg,c779739532607bbe91717febd23ebbef9a3f5580f0145d1ab5fb13153d85e507,False,True
IDRiD_402.jpg,training,B. Disease Grading/1. Original Images/a. Training Set/IDRiD_402.jpg,e48feb358fe6a1878e970590999fd586952a7e24950f76ab225d0ebc675d7c4b,False,True
IDRiD_403.jpg,training,B. Disease Grading/1. Original Images/a. Training Set/IDRiD_403.jpg,ee711a8146791c09f6f40c862cc342fb5e2090312b3203adaeb5c5187d877201,False,True
IDRiD_404.jpg,training,B. Disease Grading/1. Original Images/a. Training Set/IDRiD_404.jpg,d878b9999321e7d65c6ecd1dcf9a937ccd6b14a7134f7b6e97f91a0ace998dca,False,True
IDRiD_405.jpg,training,B. Disease Grading/1. Original Images/a. Training Set/IDRiD_405.jpg,31e383c30ce7e4f408370c26c6ee521998232f144bf5d42b8bb0dad1df079ff8,False,True
IDRiD_406.jpg,training,B. Disease Grading/1. Original Images/a. Training Set/IDRiD_406.jpg,f5fbb0818815be114a5fd23bf1cbbc81c60d32d93737880f0333f4f4ef4cb890,False,True
IDRiD_407.jpg,training,B. Disease Grading/1. Original Images/a. Training Set/IDRiD_407.jpg,fdd88ba6ce718cbfb75e4b946fbc086f2ee1c9f50956dbca8af6afbcb866b0c1,False,True
IDRiD_408.jpg,training,B. Disease Grading/1. Original Images/a. Training Set/IDRiD_408.jpg,c5ef5e3782d504e115a45df428be6b96e9d3ba79e1f3ab1ce1fd5d4e393256bb,False,True
IDRiD_409.jpg,training,B. Disease Grading/1. Original Images/a. Training Set/IDRiD_409.jpg,2695dd88972a6d9b4e9a9739c8deb77efa107b69d10d4191b06a47411e7bb70b,False,True
IDRiD_410.jpg,training,B. Disease Grading/1. Original Images/a. Training Set/IDRiD_410.jpg,f3f8e2c61d9d7d618c4f56bd380749cf06fa3baa3116cc22925a9c3f02f0fdc6,False,True
IDRiD_411.jpg,training,B. Disease Grading/1. Original Images/a. Training Set/IDRiD_411.jpg,c1125cd9daf11aa6fd8ce89f8be83ea580048ccb5d80d8d749809365a3b69ff2,False,True
IDRiD_412.jpg,training,B. Disease Grading/1. Original Images/a. Training Set/IDRiD_412.jpg,cd306b4ac6e97dd17e965f15c37d1ebec32387bb5823fa3509366a15154d6a8b,False,True
IDRiD_413.jpg,training,B. Disease Grading/1. Original Images/a. Training Set/IDRiD_413.jpg,6311e06a2589a06f00f15bac05f63c5fa4f83e360cf97e25eef299a4a3c28e72,False,True
IDRiD_001.jpg,testing,B. Disease Grading/1. Original Images/b. Testing Set/IDRiD_001.jpg,59e7d08b451d8ce4d53e964b5f9a186e7922b249cd912a74eb4783ea005fad3e,False,False
IDRiD_002.jpg,testing,B. Disease Grading/1. Original Images/b. Testing Set/IDRiD_002.jpg,e771c52174be5d9a11e3b3ea0f80ea8a1fd1dc0a5135a0d2ea5348ff30eb5e62,False,False
IDRiD_003.jpg,testing,B. Disease Grading/1. Original Images/b. Testing Set/IDRiD_003.jpg,12814a53de19536e5137631b8c9d250e06f354da846ff447091d425b6ac67b3b,False,False
IDRiD_004.jpg,testing,B. Disease Grading/1. Original Images/b. Testing Set/IDRiD_004.jpg,9c6e5326c98f73dbc26a0004393dc1af18e13e6887341fc1913652bbaefcf435,False,False
IDRiD_005.jpg,testing,B. Disease Grading/1. Original Images/b. Testing Set/IDRiD_005.jpg,a68b49a4d835dffd74f2499e32c2ee17a8c4e93e9b36e980db539d26aab68eca,False,False
IDRiD_006.jpg,testing,B. Disease Grading/1. Original Images/b. Testing Set/IDRiD_006.jpg,672bcd9431a61e1b292d8f127a900bba946dd091bc0297f78bd0291dbda9dd75,False,False
IDRiD_007.jpg,testing,B. Disease Grading/1. Original Images/b. Testing Set/IDRiD_007.jpg,d7e3a8a6b79814cd7490df21f39ca6ce3de86d778b26ff0077739ea8efb4339e,False,False
IDRiD_008.jpg,testing,B. Disease Grading/1. Original Images/b. Testing Set/IDRiD_008.jpg,cc78a7f8b78c6f16e0dfe0cd3c621033f2acc18459712e2892fc1d2d1c5669ac,False,False
IDRiD_009.jpg,testing,B. Disease Grading/1. Original Images/b. Testing Set/IDRiD_009.jpg,14656364aa0dd1935c35702e40d91cae0bec58f5411f8a23cc5479dc16b9d02b,False,False
IDRiD_010.jpg,testing,B. Disease Grading/1. Original Images/b. Testing Set/IDRiD_010.jpg,cd9599a69dc5ba44e713624c77f37d6546b81944601e02a12bffb41c7c8aa74f,False,False
IDRiD_011.jpg,testing,B. Disease Grading/1. Original Images/b. Testing Set/IDRiD_011.jpg,6325000debca94afe518816b59a6e869c7d78babf6d7c8e3ab181d8a8df2633d,False,False
IDRiD_012.jpg,testing,B. Disease Grading/1. Original Images/b. Testing Set/IDRiD_012.jpg,e218a99cee81cabb5f37e61c369a051f233e8e5edf8a00f91e90b10ede0c8d08,False,False
IDRiD_013.jpg,testing,B. Disease Grading/1. Original Images/b. Testing Set/IDRiD_013.jpg,15602249056460ced5062c5217c60cf932da64d80ad992a1e2485f868fe29b6e,False,False
IDRiD_014.jpg,testing,B. Disease Grading/1. Original Images/b. Testing Set/IDRiD_014.jpg,5d14d49b07a1e9f17665d324c162567f4057322a62e5dd12654fad8498ccc5d6,False,False
IDRiD_015.jpg,testing,B. Disease Grading/1. Original Images/b. Testing Set/IDRiD_015.jpg,ee11a1f194ae11349a70ce29f06d8e2fd3d5f62d2185a3ac7d2a9efd5cc11948,False,False
IDRiD_016.jpg,testing,B. Disease Grading/1. Original Images/b. Testing Set/IDRiD_016.jpg,2f79b60c93ca5e7757de039452666e3e563901bc81eba63c5a5b5a58e5a44b94,False,False
IDRiD_017.jpg,testing,B. Disease Grading/1. Original Images/b. Testing Set/IDRiD_017.jpg,c713836954177602d8cc4633aaf08c546c447c318618e5c7a909860d0b43ab59,False,False
IDRiD_018.jpg,testing,B. Disease Grading/1. Original Images/b. Testing Set/IDRiD_018.jpg,207809fd849ea83804bd87b760c1520d0e5609dd52dc853428de45528d742741,False,False
IDRiD_019.jpg,testing,B. Disease Grading/1. Original Images/b. Testing Set/IDRiD_019.jpg,1d9132ca07f5cc3bcf2be50856a979528a4687981a481361a5fa99c058417a36,False,False
IDRiD_020.jpg,testing,B. Disease Grading/1. Original Images/b. Testing Set/IDRiD_020.jpg,b0be156050bbe8adcf2261aa4e1a92354d30158ad50ae1ae7ac2b52d785ff401,False,False
IDRiD_021.jpg,testing,B. Disease Grading/1. Original Images/b. Testing Set/IDRiD_021.jpg,b06f01a468dbfff3eb386822a2289dd321aeae054993166e9a9d29cb9a46c8a7,False,False
IDRiD_022.jpg,testing,B. Disease Grading/1. Original Images/b. Testing Set/IDRiD_022.jpg,fef2b765acfbd336ffa4633c920141906500849478cc8816f09302a7a5d640bf,False,False
IDRiD_023.jpg,testing,B. Disease Grading/1. Original Images/b. Testing Set/IDRiD_023.jpg,c7fd79cc8f81b8bfa09ba0025b9744bd4cbcf8d81d07fa3ea87f275fe5a971b4,False,False
IDRiD_024.jpg,testing,B. Disease Grading/1. Original Images/b. Testing Set/IDRiD_024.jpg,bdffd0144b919b0bfbc66444b943e6c37142df6e22cdadf3bae63fe3af1cf493,False,False
IDRiD_025.jpg,testing,B. Disease Grading/1. Original Images/b. Testing Set/IDRiD_025.jpg,4361c7d1637654efc8b0d75f5a7996e15591b43eaccd6a10fd08a9905b25154b,False,False
IDRiD_026.jpg,testing,B. Disease Grading/1. Original Images/b. Testing Set/IDRiD_026.jpg,96bd9620046452d68b4f75b7175c37ae163a3158635d2e6c279f0fd638b7af04,False,False
IDRiD_027.jpg,testing,B. Disease Grading/1. Original Images/b. Testing Set/IDRiD_027.jpg,2b39de37e9e829d651b521fd223acdd5c6173775bac25806aec781a3b647fdad,False,False
IDRiD_028.jpg,testing,B. Disease Grading/1. Original Images/b. Testing Set/IDRiD_028.jpg,c406b29add157b912220250490a6345087bb767217844f29061994f6c8a2b15c,False,False
IDRiD_029.jpg,testing,B. Disease Grading/1. Original Images/b. Testing Set/IDRiD_029.jpg,eae1d6bd1067d48101168172a00f45aab211c0d0227c0e986bed3e8e23b6b157,False,False
IDRiD_030.jpg,testing,B. Disease Grading/1. Original Images/b. Testing Set/IDRiD_030.jpg,54a61a3972b01f55a32ab644491c4bcde993cc1c938e6ca9995f60f7eb272565,False,False
IDRiD_031.jpg,testing,B. Disease Grading/1. Original Images/b. Testing Set/IDRiD_031.jpg,cccac0df8a0dd4b2d7a6207e9b824c628c2a39aee2a2b6294b316785a9bd0011,False,False
IDRiD_032.jpg,testing,B. Disease Grading/1. Original Images/b. Testing Set/IDRiD_032.jpg,192a92d50ccadc74627a11cb73e30cd3cc9f8b7eb56991d3ae89cfef7bb55123,False,False
IDRiD_033.jpg,testing,B. Disease Grading/1. Original Images/b. Testing Set/IDRiD_033.jpg,aee3db12e66e6fff1aa540c367bab9b2b127dfd82ab5bad7bd37696db4e81cb6,False,False
IDRiD_034.jpg,testing,B. Disease Grading/1. Original Images/b. Testing Set/IDRiD_034.jpg,4097ca1eeeb2119460bfd695a625379f071cced42f63ede48e528b067ce1af64,False,False
IDRiD_035.jpg,testing,B. Disease Grading/1. Original Images/b. Testing Set/IDRiD_035.jpg,b7592d42c85ab2c13ba6acf9c8a9cbd36930d9c1b72426dee0086d201a1dcd05,False,False
IDRiD_036.jpg,testing,B. Disease Grading/1. Original Images/b. Testing Set/IDRiD_036.jpg,eaf6a3ac9a313a3da7a1657eca24dc8c43acec9ace86e14c331a9a7cc7afe5ec,False,False
IDRiD_037.jpg,testing,B. Disease Grading/1. Original Images/b. Testing Set/IDRiD_037.jpg,44191362e1f98a6ab192f3f926356849c49b00613d9010c3816add1d60f88135,False,False
IDRiD_038.jpg,testing,B. Disease Grading/1. Original Images/b. Testing Set/IDRiD_038.jpg,5b0d8d819e192b5e08dbca76cc27a019a371ff40e48e8df07b42a3466d2391fa,False,False
IDRiD_039.jpg,testing,B. Disease Grading/1. Original Images/b. Testing Set/IDRiD_039.jpg,ab7061907bee0019a5b9dc301bc13256c4e829f32c25351e7e365fede30080c4,False,False
IDRiD_040.jpg,testing,B. Disease Grading/1. Original Images/b. Testing Set/IDRiD_040.jpg,c9787d66008df45afd75f9580f8e8c7151b80e9fd8201367a951a5cfc3810e42,False,False
IDRiD_041.jpg,testing,B. Disease Grading/1. Original Images/b. Testing Set/IDRiD_041.jpg,8d0048a9ebea7d24ec31a0bf1e5743653e6693a9bce2e61ceeec4be47a278159,False,False
IDRiD_042.jpg,testing,B. Disease Grading/1. Original Images/b. Testing Set/IDRiD_042.jpg,572975b4c3d88fdc10349245118d9c3218d4e23a795beb424b6edeb7b917a336,False,False
IDRiD_043.jpg,testing,B. Disease Grading/1. Original Images/b. Testing Set/IDRiD_043.jpg,7e29546bc346e8b2f40815a20bcdb60fa94cf3c143b08455828a14f3e58b1cbc,False,False
IDRiD_044.jpg,testing,B. Disease Grading/1. Original Images/b. Testing Set/IDRiD_044.jpg,5fc2ba6b5abc48ebd6d803b1e9c16d596d9081e7ffe8c7a3a9691c3f0fe228f1,False,False
IDRiD_045.jpg,testing,B. Disease Grading/1. Original Images/b. Testing Set/IDRiD_045.jpg,ea61740ef8b714613521db0eb906ef6248cf8d08117eeb7d08ca61546de993a5,False,False
IDRiD_046.jpg,testing,B. Disease Grading/1. Original Images/b. Testing Set/IDRiD_046.jpg,711c47628fe9c90119fb29531eed8746aabd684f43f7a063540ee3c8baa2d12c,False,False
IDRiD_047.jpg,testing,B. Disease Grading/1. Original Images/b. Testing Set/IDRiD_047.jpg,a84e4751136cbb54221a96294a216bbb45b722cf4a81a912255b3267253737ef,False,False
IDRiD_048.jpg,testing,B. Disease Grading/1. Original Images/b. Testing Set/IDRiD_048.jpg,a510fcb8afc0f987b922eb8bddf47a68e51068942a9440e86a41bdcacaf83c31,False,False
IDRiD_049.jpg,testing,B. Disease Grading/1. Original Images/b. Testing Set/IDRiD_049.jpg,6faadb4f482afc177274f057629c70a31344b79b3168be5aedbc14ed22a4f38a,False,False
IDRiD_050.jpg,testing,B. Disease Grading/1. Original Images/b. Testing Set/IDRiD_050.jpg,be9bb8dda0f5d25a94c6caddb2372237d2c04bdcf84ac6b40a99b65054c496c2,False,False
IDRiD_051.jpg,testing,B. Disease Grading/1. Original Images/b. Testing Set/IDRiD_051.jpg,e6579c030f37c5a4608d7356d1774aa29fcc279d83dc5000f91dc8ee9e5fa3b7,False,False
IDRiD_052.jpg,testing,B. Disease Grading/1. Original Images/b. Testing Set/IDRiD_052.jpg,a70ae4e90759bc3a93a5651dca5dac4a7c6143050cfe8bfe2b35b532c00b64ae,False,False
IDRiD_053.jpg,testing,B. Disease Grading/1. Original Images/b. Testing Set/IDRiD_053.jpg,f905332add8b6af77827f1675ebfd56d9dea344e1abb1f31829edc23776ea2c0,False,False
IDRiD_054.jpg,testing,B. Disease Grading/1. Original Images/b. Testing Set/IDRiD_054.jpg,95a424567a5c23f99c5cf3baf7902ef8b1d5df2702046cd2ff3831b66d9fb82b,False,False
IDRiD_055.jpg,testing,B. Disease Grading/1. Original Images/b. Testing Set/IDRiD_055.jpg,aab1ad5e00b06203f3bc5e8ae1bcd4869c0245c745b89386e6e6e8f9a46ac326,False,False
IDRiD_056.jpg,testing,B. Disease Grading/1. Original Images/b. Testing Set/IDRiD_056.jpg,2d9df62f7edb437ffd90d42c86b53b5c4636edee21f04b37197e28e4b703c617,False,False
IDRiD_057.jpg,testing,B. Disease Grading/1. Original Images/b. Testing Set/IDRiD_057.jpg,ccea9ee5c2bb3f3b6f0dd3beeb59bb832f77a4c45a008a1dcfbd5e2e51a2c630,False,False
IDRiD_058.jpg,testing,B. Disease Grading/1. Original Images/b. Testing Set/IDRiD_058.jpg,b8499133d2cf953b879b8b4ec60fca53544b48ad3855cc81dfac4270169ef11c,False,False
IDRiD_059.jpg,testing,B. Disease Grading/1. Original Images/b. Testing Set/IDRiD_059.jpg,3a70016d2cd18890e2773f23cdce996568dbf2fc7c796a7d7613214183b730df,False,False
IDRiD_060.jpg,testing,B. Disease Grading/1. Original Images/b. Testing Set/IDRiD_060.jpg,f70a62f7e35a665bb66a9ff67928fadce13f59bc4a95cc4f2a8ff77785b42353,False,False
IDRiD_061.jpg,testing,B. Disease Grading/1. Original Images/b. Testing Set/IDRiD_061.jpg,21d40ad5ddd188d8ba99d71579a4021f67f52866f8ac0b4b476108749dba8dc8,False,False
IDRiD_062.jpg,testing,B. Disease Grading/1. Original Images/b. Testing Set/IDRiD_062.jpg,9dede49206761f087f44b3f907961142c2c13764b24120e050ed42cb937c60e3,False,False
IDRiD_063.jpg,testing,B. Disease Grading/1. Original Images/b. Testing Set/IDRiD_063.jpg,2742f17841360fc3030bf50caa484ada1631719acdd7ab62cca255b810bef873,False,False
IDRiD_064.jpg,testing,B. Disease Grading/1. Original Images/b. Testing Set/IDRiD_064.jpg,505330878f4d4186a71b8001570100b82b6b05cb431e81e2c259d8c584314708,False,False
IDRiD_065.jpg,testing,B. Disease Grading/1. Original Images/b. Testing Set/IDRiD_065.jpg,3b9b24431d27cabba0247a6426be5e6611612ae372699a4f8d41dc1e6d3ecb2b,False,False
IDRiD_066.jpg,testing,B. Disease Grading/1. Original Images/b. Testing Set/IDRiD_066.jpg,0ff3785107568fd0e9e4353fce4572f2d4538759894e814c6a8c9ab309864bd9,False,False
IDRiD_067.jpg,testing,B. Disease Grading/1. Original Images/b. Testing Set/IDRiD_067.jpg,af536ff218e809977d2d59a673dc8f05ee6c70d27cba0fbc730659c3efa389bd,False,False
IDRiD_068.jpg,testing,B. Disease Grading/1. Original Images/b. Testing Set/IDRiD_068.jpg,64a8cdd41ff9ff255fd8b477a4668c1509a32b4d76aab5c04eb4d8a96db7a169,False,False
IDRiD_069.jpg,testing,B. Disease Grading/1. Original Images/b. Testing Set/IDRiD_069.jpg,10a28d146b1acb54957ce54493d47ffb214fdcc397f7e029febed2ef1d1afc55,False,False
IDRiD_070.jpg,testing,B. Disease Grading/1. Original Images/b. Testing Set/IDRiD_070.jpg,20b4d89a446a39c5bcd09ea843fbcfba10956deb7c80d06eaeb00f6ccefa4218,False,False
IDRiD_071.jpg,testing,B. Disease Grading/1. Original Images/b. Testing Set/IDRiD_071.jpg,b5da3eb68ca1bd5b90a75241838cb1ea802f7bc011bde13478a4e62055ff96dc,False,False
IDRiD_072.jpg,testing,B. Disease Grading/1. Original Images/b. Testing Set/IDRiD_072.jpg,954af9bdd2fbce985ec16a095163f392b947917f6f81458ce1bffd3ffdd521a7,False,False
IDRiD_073.jpg,testing,B. Disease Grading/1. Original Images/b. Testing Set/IDRiD_073.jpg,d1cd107f08b5c6899544b0a00428120343e6085ef959896158b82f4958f02624,False,False
IDRiD_074.jpg,testing,B. Disease Grading/1. Original Images/b. Testing Set/IDRiD_074.jpg,0580bc20af52aa48110f53950c1d1f51af141dca11354e0157f42e30a159f92d,False,False
IDRiD_075.jpg,testing,B. Disease Grading/1. Original Images/b. Testing Set/IDRiD_075.jpg,e8467b9cbcb9cfeaf95e1ddabc21554e44e2acc28ad5e9d99337773230b79178,False,False
IDRiD_076.jpg,testing,B. Disease Grading/1. Original Images/b. Testing Set/IDRiD_076.jpg,c2d82c1e11c5ea788ca2f67fc9b33884dbba1d4441993c5f2f025306cf32e756,False,False
IDRiD_077.jpg,testing,B. Disease Grading/1. Original Images/b. Testing Set/IDRiD_077.jpg,96d7099f7ed42e41a56eebda5818968ec0da680df9c756eac325aa5c3f57381a,False,False
IDRiD_078.jpg,testing,B. Disease Grading/1. Original Images/b. Testing Set/IDRiD_078.jpg,f9011a2677fd843a2f2a19cbe299a529dd831ee73a46f5e88200445a5e0f1811,False,False
IDRiD_079.jpg,testing,B. Disease Grading/1. Original Images/b. Testing Set/IDRiD_079.jpg,a517685996bf47999709e5f1b0f245859c08959f2203851b79f73548e0f7617b,False,False
IDRiD_080.jpg,testing,B. Disease Grading/1. Original Images/b. Testing Set/IDRiD_080.jpg,c14875547851c3fcc49f9b65854cd476f4ea3eeff9524b760dd24d39ec3d201e,False,False
IDRiD_081.jpg,testing,B. Disease Grading/1. Original Images/b. Testing Set/IDRiD_081.jpg,627c8f07cd85e11e8ac82ef3a690ffa2513862ff6f40b33084550afa1145d5d5,False,False
IDRiD_082.jpg,testing,B. Disease Grading/1. Original Images/b. Testing Set/IDRiD_082.jpg,2a2e61aa48b14510bf8ca88453b284c393d96b4d4a0a9c9f5e42a3871831271f,False,False
IDRiD_083.jpg,testing,B. Disease Grading/1. Original Images/b. Testing Set/IDRiD_083.jpg,e0723db1f7b5029d43600026ba2150d769a854e344fa5340f000af585cd7b5f2,False,False
IDRiD_084.jpg,testing,B. Disease Grading/1. Original Images/b. Testing Set/IDRiD_084.jpg,4f11f8ec85e3d35bb1713e8fe875ac68bf5abc5d935f0f8d58e3ef2ad7b27d39,False,False
IDRiD_085.jpg,testing,B. Disease Grading/1. Original Images/b. Testing Set/IDRiD_085.jpg,d9e10b41fce6105085f01d89d38b289d5983e9750d1316ae60a5c94d30997f8d,False,False
IDRiD_086.jpg,testing,B. Disease Grading/1. Original Images/b. Testing Set/IDRiD_086.jpg,55c582bfaf8c110641361f7452838986f45a47904ed8826cfe0aa315ba03f404,False,False
IDRiD_087.jpg,testing,B. Disease Grading/1. Original Images/b. Testing Set/IDRiD_087.jpg,c05cf0a8e88e34507a29294f6b6c5463cc4e14ca97270f566fe0a1ae8f9a7ebc,False,False
IDRiD_088.jpg,testing,B. Disease Grading/1. Original Images/b. Testing Set/IDRiD_088.jpg,7df6ee6bf27d8c4b47cbfe3c8373fa814ef08a6923642ced75e7451d138bdce7,False,False
IDRiD_089.jpg,testing,B. Disease Grading/1. Original Images/b. Testing Set/IDRiD_089.jpg,1576bcd2c5ffbd5c9aed6620fada85e117ef6418d1cb120c92dc8bc98c47e330,False,False
IDRiD_090.jpg,testing,B. Disease Grading/1. Original Images/b. Testing Set/IDRiD_090.jpg,d2cf3460aeae65cfba63c3c1421d447250d1c838f919addaba87423cb50bd489,False,False
IDRiD_091.jpg,testing,B. Disease Grading/1. Original Images/b. Testing Set/IDRiD_091.jpg,8c439214407e528ada5fc9b15125967417a89a212ba1071d7af9b7d19c71207e,False,False
IDRiD_092.jpg,testing,B. Disease Grading/1. Original Images/b. Testing Set/IDRiD_092.jpg,6ff63fbdd4daa735fc2d135cf6266b81d2a5a90a04b9ff5abb007ffeccc9d57b,False,False
IDRiD_093.jpg,testing,B. Disease Grading/1. Original Images/b. Testing Set/IDRiD_093.jpg,10c1f0c24b0303e2ad0c49de80436f48afc8e7797ec979fa95cc154b9237f76a,False,False
IDRiD_094.jpg,testing,B. Disease Grading/1. Original Images/b. Testing Set/IDRiD_094.jpg,98624bdce0c71ee6ec63e492d86e044c1d84d5fb1069474d5e2a682cfb0be3c5,False,False
IDRiD_095.jpg,testing,B. Disease Grading/1. Original Images/b. Testing Set/IDRiD_095.jpg,a65ade58100e8ce62b0387895522b3972b342b2cbaca98173dc8e77288b48b68,False,False
IDRiD_096.jpg,testing,B. Disease Grading/1. Original Images/b. Testing Set/IDRiD_096.jpg,47959e1bfca0a63f9d0d426cdfa4d845ad1d85c35f52b7d5a7e319eee076651c,False,False
IDRiD_097.jpg,testing,B. Disease Grading/1. Original Images/b. Testing Set/IDRiD_097.jpg,6f51f0ad1064ba8b2d3e002c0fc7e3724391642a8252c02240daa6a9f5cc9a28,False,False
IDRiD_098.jpg,testing,B. Disease Grading/1. Original Images/b. Testing Set/IDRiD_098.jpg,d2519640367bed598655c728bb5a42edcf4acebb73dba7118ce850a7076b4c75,False,False
IDRiD_099.jpg,testing,B. Disease Grading/1. Original Images/b. Testing Set/IDRiD_099.jpg,452c8c609d04ff6572a3fcae38ce85e8271b1a0f07fbf2c33c337d6d60220b6a,False,False
IDRiD_100.jpg,testing,B. Disease Grading/1. Original Images/b. Testing Set/IDRiD_100.jpg,7b8a5a3b48f81b3e2d753e1fcb7f10460349520a5903eb88992489c41b1ccbdc,False,False
IDRiD_101.jpg,testing,B. Disease Grading/1. Original Images/b. Testing Set/IDRiD_101.jpg,57f33622eb445658a3eee9ee9426f00134458d6ca95c6accf375c7e95b4b8948,False,False
IDRiD_102.jpg,testing,B. Disease Grading/1. Original Images/b. Testing Set/IDRiD_102.jpg,a631a325775904ad3d80ce9cd0a4220f1b17ee010a06f6f8eda6efc8091acaee,False,False
IDRiD_103.jpg,testing,B. Disease Grading/1. Original Images/b. Testing Set/IDRiD_103.jpg,3488fd601baa60361f49b09fe11c40cc07df96a80f70d8d8ff926e7dd4776cd9,False,False
